,time,temperature
0,0.0,227.0
1,0.5,227.0
2,1.0,225.0
3,1.5,226.0
4,2.0,227.0
5,2.5,227.0
6,3.0,227.0
7,3.5,227.0
8,4.0,227.0
9,4.5,227.0
10,5.0,226.0
11,5.5,227.0
12,6.0,226.0
13,6.5,227.0
14,7.0,226.0
15,7.5,225.0
16,8.0,227.0
17,8.5,227.0
18,9.0,226.0
19,9.5,226.0
20,10.0,226.0
21,10.5,225.0
22,11.0,224.0
23,11.5,225.0
24,12.0,224.0
25,12.5,224.0
26,13.0,224.0
27,13.5,224.0
28,14.0,224.0
29,14.5,224.0
30,15.0,223.0
31,15.5,223.0
32,16.0,223.0
33,16.5,222.0
34,17.0,221.0
35,17.5,221.0
36,18.0,220.0
37,18.5,220.0
38,19.0,220.0
39,19.5,220.0
40,20.0,219.0
41,20.5,219.0
42,21.0,217.0
43,21.5,219.0
44,22.0,216.0
45,22.5,217.0
46,23.0,216.0
47,23.5,216.0
48,24.0,215.0
49,24.5,216.0
50,25.0,215.0
51,25.5,215.0
52,26.0,213.0
53,26.5,214.0
54,27.0,213.0
55,27.5,212.0
56,28.0,213.0
57,28.5,213.0
58,29.0,212.0
59,29.5,211.0
60,30.0,211.0
61,30.5,211.0
62,31.0,209.0
63,31.5,209.0
64,32.0,208.0
65,32.5,208.0
66,33.0,208.0
67,33.5,208.0
68,34.0,208.0
69,34.5,207.0
70,35.0,207.0
71,35.5,207.0
72,36.0,204.0
73,36.5,205.0
74,37.0,205.0
75,37.5,205.0
76,38.0,204.0
77,38.5,204.0
78,39.0,204.0
79,39.5,203.0
80,40.0,203.0
81,40.5,202.0
82,41.0,202.0
83,41.5,201.0
84,42.0,201.0
85,42.5,200.0
86,43.0,200.0
87,43.5,200.0
88,44.0,200.0
89,44.5,198.0
90,45.0,197.0
91,45.5,199.0
92,46.0,197.0
93,46.5,196.0
94,47.0,197.0
95,47.5,196.0
96,48.0,196.0
97,48.5,196.0
98,49.0,195.0
99,49.5,195.0
100,50.0,195.0
101,50.5,193.0
102,51.0,193.0
103,51.5,194.0
104,52.0,192.0
105,52.5,192.0
106,53.0,192.0
107,53.5,191.0
108,54.0,191.0
109,54.5,189.0
110,55.0,191.0
111,55.5,189.0
112,56.0,188.0
113,56.5,188.0
114,57.0,187.0
115,57.5,187.0
116,58.0,187.0
117,58.5,187.0
118,59.0,186.0
119,59.5,185.0
120,60.0,185.0
121,60.5,184.0
122,61.0,184.0
123,61.5,183.0
124,62.0,183.0
125,62.5,183.0
126,63.0,183.0
127,63.5,181.0
128,64.0,181.0
129,64.5,180.0
130,65.0,179.0
131,65.5,179.0
132,66.0,181.0
133,66.5,179.0
134,67.0,177.0
135,67.5,178.0
136,68.0,177.0
137,68.5,176.0
138,69.0,175.0
139,69.5,176.0
140,70.0,176.0
141,70.5,175.0
142,71.0,175.0
143,71.5,174.0
144,72.0,173.0
145,72.5,174.0
146,73.0,173.0
147,73.5,172.0
148,74.0,170.0
149,74.5,171.0
150,75.0,170.0
151,75.5,170.0
152,76.0,168.0
153,76.5,169.0
154,77.0,169.0
155,77.5,169.0
156,78.0,168.0
157,78.5,166.0
158,79.0,167.0
159,79.5,167.0
160,80.0,166.0
161,80.5,166.0
162,81.0,165.0
163,81.5,165.0
164,82.0,164.0
165,82.5,164.0
166,83.0,163.0
167,83.5,162.0
168,84.0,162.0
169,84.5,161.0
170,85.0,161.0
171,85.5,160.0
172,86.0,159.0
173,86.5,160.0
174,87.0,160.0
175,87.5,158.0
176,88.0,158.0
177,88.5,158.0
178,89.0,158.0
179,89.5,157.0
180,90.0,157.0
181,90.5,157.0
182,91.0,156.0
183,91.5,156.0
184,92.0,154.0
185,92.5,155.0
186,93.0,154.0
187,93.5,153.0
188,94.0,152.0
189,94.5,153.0
190,95.0,152.0
191,95.5,152.0
192,96.0,152.0
193,96.5,150.0
194,97.0,150.0
195,97.5,150.0
196,98.0,150.0
197,98.5,149.0
198,99.0,149.0
199,99.5,148.0
200,100.0,148.0
201,100.5,148.0
202,101.0,146.0
203,101.5,146.0
204,102.0,145.0
205,102.5,145.0
206,103.0,146.0
207,103.5,145.0
208,104.0,144.0
209,104.5,145.0
210,105.0,144.0
211,105.5,144.0
212,106.0,142.0
213,106.5,142.0
214,107.0,142.0
215,107.5,142.0
216,108.0,141.0
217,108.5,141.0
218,109.0,140.0
219,109.5,139.0
220,110.0,140.0
221,110.5,140.0
222,111.0,138.0
223,111.5,138.0
224,112.0,138.0
225,112.5,137.0
226,113.0,137.0
227,113.5,138.0
228,114.0,136.0
229,114.5,137.0
230,115.0,136.0
231,115.5,135.0
232,116.0,134.0
233,116.5,134.0
234,117.0,134.0
235,117.5,133.0
236,118.0,134.0
237,118.5,133.0
238,119.0,132.0
239,119.5,132.0
240,120.0,133.0
241,120.5,132.0
242,121.0,132.0
243,121.5,131.0
244,122.0,130.0
245,122.5,130.0
246,123.0,130.0
247,123.5,129.0
248,124.0,130.0
249,124.5,128.0
250,125.0,128.0
251,125.5,128.0
252,126.0,128.0
253,126.5,127.0
254,127.0,128.0
255,127.5,126.0
256,128.0,127.0
257,128.5,126.0
258,129.0,125.0
259,129.5,124.0
260,130.0,124.0
261,130.5,125.0
262,131.0,123.0
263,131.5,122.0
264,132.0,122.0
265,132.5,122.0
266,133.0,122.0
267,133.5,121.0
268,134.0,121.0
269,134.5,120.0
270,135.0,120.0
271,135.5,120.0
272,136.0,120.0
273,136.5,119.0
274,137.0,119.0
275,137.5,118.0
276,138.0,118.0
277,138.5,118.0
278,139.0,117.0
279,139.5,118.0
280,140.0,117.0
281,140.5,117.0
282,141.0,117.0
283,141.5,115.0
284,142.0,116.0
285,142.5,115.0
286,143.0,115.0
287,143.5,114.0
288,144.0,114.0
289,144.5,113.0
290,145.0,113.0
291,145.5,113.0
292,146.0,113.0
293,146.5,112.0
294,147.0,113.0
295,147.5,112.0
296,148.0,111.0
297,148.5,112.0
298,149.0,112.0
299,149.5,110.0
300,150.0,110.0
301,150.5,109.0
302,151.0,110.0
303,151.5,109.0
304,152.0,109.0
305,152.5,109.0
306,153.0,109.0
307,153.5,108.0
308,154.0,108.0
309,154.5,108.0
310,155.0,108.0
311,155.5,106.0
312,156.0,106.0
313,156.5,107.0
314,157.0,105.0
315,157.5,104.0
316,158.0,106.0
317,158.5,104.0
318,159.0,103.0
319,159.5,104.0
320,160.0,102.0
321,160.5,103.0
322,161.0,103.0
323,161.5,102.0
324,162.0,102.0
325,162.5,102.0
326,163.0,101.0
327,163.5,101.0
328,164.0,101.0
329,164.5,101.0
330,165.0,99.0
331,165.5,101.0
332,166.0,101.0
333,166.5,99.0
334,167.0,99.0
335,167.5,98.0
336,168.0,99.0
337,168.5,98.0
338,169.0,98.0
339,169.5,97.0
340,170.0,98.0
341,170.5,97.0
342,171.0,97.0
343,171.5,97.0
344,172.0,96.0
345,172.5,95.0
346,173.0,95.0
347,173.5,94.0
348,174.0,94.0
349,174.5,94.0
350,175.0,95.0
351,175.5,94.0
352,176.0,94.0
353,176.5,93.0
354,177.0,93.0
355,177.5,93.0
356,178.0,93.0
357,178.5,93.0
358,179.0,93.0
359,179.5,91.0
360,180.0,92.0
361,180.5,91.0
362,181.0,91.0
363,181.5,91.0
364,182.0,90.0
365,182.5,90.0
366,183.0,90.0
367,183.5,90.0
368,184.0,90.0
369,184.5,89.0
370,185.0,89.0
371,185.5,90.0
372,186.0,89.0
373,186.5,89.0
374,187.0,89.0
375,187.5,87.0
376,188.0,87.0
377,188.5,87.0
378,189.0,87.0
379,189.5,87.0
380,190.0,87.0
381,190.5,86.0
382,191.0,85.0
383,191.5,85.0
384,192.0,85.0
385,192.5,85.0
386,193.0,84.0
387,193.5,83.0
388,194.0,84.0
389,194.5,84.0
390,195.0,83.0
391,195.5,83.0
392,196.0,83.0
393,196.5,83.0
394,197.0,83.0
395,197.5,83.0
396,198.0,82.0
397,198.5,82.0
398,199.0,82.0
399,199.5,82.0
400,200.0,81.0
401,200.5,81.0
402,201.0,81.0
403,201.5,80.0
404,202.0,81.0
405,202.5,80.0
406,203.0,79.0
407,203.5,79.0
408,204.0,80.0
409,204.5,79.0
410,205.0,77.0
411,205.5,78.0
412,206.0,79.0
413,206.5,77.0
414,207.0,78.0
415,207.5,77.0
416,208.0,77.0
417,208.5,77.0
418,209.0,76.0
419,209.5,77.0
420,210.0,77.0
421,210.5,76.0
422,211.0,76.0
423,211.5,75.0
424,212.0,75.0
425,212.5,74.0
426,213.0,75.0
427,213.5,74.0
428,214.0,74.0
429,214.5,75.0
430,215.0,74.0
431,215.5,74.0
432,216.0,74.0
433,216.5,74.0
434,217.0,73.0
435,217.5,73.0
436,218.0,73.0
437,218.5,71.0
438,219.0,72.0
439,219.5,72.0
440,220.0,73.0
441,220.5,71.0
442,221.0,71.0
443,221.5,71.0
444,222.0,71.0
445,222.5,71.0
446,223.0,71.0
447,223.5,71.0
448,224.0,71.0
449,224.5,70.0
450,225.0,70.0
451,225.5,69.0
452,226.0,69.0
453,226.5,69.0
454,227.0,69.0
455,227.5,69.0
456,228.0,68.0
457,228.5,69.0
458,229.0,68.0
459,229.5,66.0
460,230.0,67.0
461,230.5,68.0
462,231.0,66.0
463,231.5,69.0
464,232.0,66.0
465,232.5,66.0
466,233.0,65.0
467,233.5,65.0
468,234.0,65.0
469,234.5,65.0
470,235.0,66.0
471,235.5,65.0
472,236.0,65.0
473,236.5,64.0
474,237.0,65.0
475,237.5,64.0
476,238.0,64.0
477,238.5,63.0
478,239.0,65.0
479,239.5,64.0
480,240.0,63.0
481,240.5,63.0
482,241.0,63.0
483,241.5,62.0
484,242.0,63.0
485,242.5,63.0
486,243.0,63.0
487,243.5,62.0
488,244.0,62.0
489,244.5,62.0
490,245.0,61.0
491,245.5,62.0
492,246.0,62.0
493,246.5,61.0
494,247.0,61.0
495,247.5,61.0
496,248.0,61.0
497,248.5,61.0
498,249.0,61.0
499,249.5,61.0
500,250.0,61.0
501,250.5,61.0
502,251.0,59.0
503,251.5,59.0
504,252.0,60.0
505,252.5,59.0
506,253.0,59.0
507,253.5,58.0
508,254.0,59.0
509,254.5,59.0
510,255.0,59.0
511,255.5,58.0
512,256.0,59.0
513,256.5,58.0
514,257.0,58.0
515,257.5,57.0
516,258.0,57.0
517,258.5,57.0
518,259.0,57.0
519,259.5,57.0
520,260.0,58.0
521,260.5,57.0
522,261.0,56.0
523,261.5,57.0
524,262.0,57.0
525,262.5,55.0
526,263.0,55.0
527,263.5,57.0
528,264.0,56.0
529,264.5,55.0
530,265.0,55.0
531,265.5,55.0
532,266.0,55.0
533,266.5,55.0
534,267.0,55.0
535,267.5,55.0
536,268.0,54.0
537,268.5,54.0
538,269.0,55.0
539,269.5,54.0
540,270.0,54.0
541,270.5,54.0
542,271.0,54.0
543,271.5,54.0
544,272.0,54.0
545,272.5,54.0
546,273.0,54.0
547,273.5,53.0
548,274.0,53.0
549,274.5,53.0
550,275.0,53.0
551,275.5,53.0
552,276.0,53.0
553,276.5,53.0
554,277.0,51.0
555,277.5,52.0
556,278.0,52.0
557,278.5,52.0
558,279.0,53.0
559,279.5,51.0
560,280.0,51.0
561,280.5,53.0
562,281.0,51.0
563,281.5,51.0
564,282.0,50.0
565,282.5,50.0
566,283.0,51.0
567,283.5,51.0
568,284.0,51.0
569,284.5,50.0
570,285.0,51.0
571,285.5,49.0
572,286.0,50.0
573,286.5,50.0
574,287.0,49.0
575,287.5,50.0
576,288.0,49.0
577,288.5,49.0
578,289.0,47.0
579,289.5,49.0
580,290.0,49.0
581,290.5,49.0
582,291.0,47.0
583,291.5,49.0
584,292.0,47.0
585,292.5,47.0
586,293.0,46.0
587,293.5,49.0
588,294.0,47.0
589,294.5,47.0
590,295.0,46.0
591,295.5,46.0
592,296.0,47.0
593,296.5,46.0
594,297.0,46.0
595,297.5,46.0
596,298.0,46.0
597,298.5,45.0
598,299.0,45.0
599,299.5,46.0
600,300.0,45.0
601,300.5,46.0
602,301.0,46.0
603,301.5,46.0
604,302.0,46.0
605,302.5,45.0
606,303.0,45.0
607,303.5,44.0
608,304.0,45.0
609,304.5,44.0
610,305.0,45.0
611,305.5,43.0
612,306.0,44.0
613,306.5,45.0
614,307.0,44.0
615,307.5,45.0
616,308.0,45.0
617,308.5,44.0
618,309.0,45.0
619,309.5,45.0
620,310.0,44.0
621,310.5,44.0
622,311.0,43.0
623,311.5,44.0
624,312.0,43.0
625,312.5,43.0
626,313.0,44.0
627,313.5,44.0
628,314.0,43.0
629,314.5,43.0
630,315.0,43.0
631,315.5,42.0
632,316.0,43.0
633,316.5,42.0
634,317.0,43.0
635,317.5,42.0
636,318.0,43.0
637,318.5,42.0
638,319.0,43.0
639,319.5,43.0
640,320.0,42.0
641,320.5,42.0
642,321.0,42.0
643,321.5,42.0
644,322.0,41.0
645,322.5,42.0
646,323.0,41.0
647,323.5,41.0
648,324.0,41.0
649,324.5,41.0
650,325.0,41.0
651,325.5,40.0
652,326.0,40.0
653,326.5,42.0
654,327.0,41.0
655,327.5,41.0
656,328.0,40.0
657,328.5,40.0
658,329.0,41.0
659,329.5,41.0
660,330.0,39.0
661,330.5,39.0
662,331.0,40.0
663,331.5,39.0
664,332.0,39.0
665,332.5,40.0
666,333.0,41.0
667,333.5,39.0
668,334.0,39.0
669,334.5,39.0
670,335.0,39.0
671,335.5,39.0
672,336.0,40.0
673,336.5,38.0
674,337.0,39.0
675,337.5,38.0
676,338.0,38.0
677,338.5,38.0
678,339.0,38.0
679,339.5,39.0
680,340.0,38.0
681,340.5,37.0
682,341.0,38.0
683,341.5,38.0
684,342.0,38.0
685,342.5,37.0
686,343.0,38.0
687,343.5,37.0
688,344.0,37.0
689,344.5,37.0
690,345.0,37.0
691,345.5,37.0
692,346.0,36.0
693,346.5,37.0
694,347.0,37.0
695,347.5,37.0
696,348.0,35.0
697,348.5,36.0
698,349.0,36.0
699,349.5,36.0
700,350.0,37.0
701,350.5,37.0
702,351.0,36.0
703,351.5,35.0
704,352.0,36.0
705,352.5,35.0
706,353.0,35.0
707,353.5,35.0
708,354.0,34.0
709,354.5,35.0
710,355.0,34.0
711,355.5,35.0
712,356.0,35.0
713,356.5,35.0
714,357.0,34.0
715,357.5,34.0
716,358.0,35.0
717,358.5,34.0
718,359.0,34.0
719,359.5,35.0
720,360.0,34.0
721,360.5,35.0
722,361.0,34.0
723,361.5,34.0
724,362.0,34.0
725,362.5,34.0
726,363.0,33.0
727,363.5,34.0
728,364.0,34.0
729,364.5,33.0
730,365.0,34.0
731,365.5,34.0
732,366.0,32.0
733,366.5,33.0
734,367.0,34.0
735,367.5,33.0
736,368.0,33.0
737,368.5,33.0
738,369.0,32.0
739,369.5,33.0
740,370.0,32.0
741,370.5,32.0
742,371.0,32.0
743,371.5,32.0
744,372.0,32.0
745,372.5,31.0
746,373.0,32.0
747,373.5,32.0
748,374.0,32.0
749,374.5,31.0
750,375.0,31.0
751,375.5,31.0
752,376.0,32.0
753,376.5,31.0
754,377.0,31.0
755,377.5,31.0
756,378.0,31.0
757,378.5,28.0
758,379.0,30.0
759,379.5,31.0
760,380.0,30.0
761,380.5,30.0
762,381.0,30.0
763,381.5,30.0
764,382.0,30.0
765,382.5,30.0
766,383.0,30.0
767,383.5,30.0
768,384.0,28.0
769,384.5,28.0
770,385.0,28.0
771,385.5,28.0
772,386.0,30.0
773,386.5,28.0
774,387.0,28.0
775,387.5,28.0
776,388.0,28.0
777,388.5,28.0
778,389.0,28.0
779,389.5,28.0
780,390.0,28.0
781,390.5,28.0
782,391.0,28.0
783,391.5,27.0
784,392.0,27.0
785,392.5,27.0
786,393.0,27.0
787,393.5,27.0
788,394.0,27.0
789,394.5,28.0
790,395.0,27.0
791,395.5,27.0
792,396.0,27.0
793,396.5,27.0
794,397.0,26.0
795,397.5,26.0
796,398.0,26.0
797,398.5,26.0
798,399.0,26.0
799,399.5,27.0
800,400.0,26.0
801,400.5,26.0
802,401.0,26.0
803,401.5,26.0
804,402.0,26.0
805,402.5,24.0
806,403.0,26.0
807,403.5,26.0
808,404.0,26.0
809,404.5,26.0
810,405.0,26.0
811,405.5,25.0
812,406.0,26.0
813,406.5,26.0
814,407.0,26.0
815,407.5,25.0
816,408.0,26.0
817,408.5,24.0
818,409.0,25.0
819,409.5,26.0
820,410.0,25.0
821,410.5,25.0
822,411.0,26.0
823,411.5,26.0
824,412.0,26.0
825,412.5,24.0
826,413.0,24.0
827,413.5,25.0
828,414.0,25.0
829,414.5,24.0
830,415.0,24.0
831,415.5,25.0
832,416.0,24.0
833,416.5,24.0
834,417.0,26.0
835,417.5,24.0
836,418.0,25.0
837,418.5,26.0
838,419.0,25.0
839,419.5,24.0
840,420.0,25.0
841,420.5,23.0
842,421.0,25.0
843,421.5,24.0
844,422.0,24.0
845,422.5,24.0
846,423.0,24.0
847,423.5,23.0
848,424.0,23.0
849,424.5,23.0
850,425.0,23.0
851,425.5,23.0
852,426.0,23.0
853,426.5,23.0
854,427.0,24.0
855,427.5,24.0
856,428.0,23.0
857,428.5,24.0
858,429.0,24.0
859,429.5,22.0
860,430.0,23.0
861,430.5,23.0
862,431.0,23.0
863,431.5,23.0
864,432.0,23.0
865,432.5,23.0
866,433.0,22.0
867,433.5,24.0
868,434.0,23.0
869,434.5,23.0
870,435.0,23.0
871,435.5,23.0
872,436.0,23.0
873,436.5,23.0
874,437.0,22.0
875,437.5,22.0
876,438.0,22.0
877,438.5,22.0
878,439.0,21.0
879,439.5,22.0
880,440.0,22.0
881,440.5,21.0
882,441.0,21.0
883,441.5,22.0
884,442.0,22.0
885,442.5,22.0
886,443.0,22.0
887,443.5,22.0
888,444.0,21.0
889,444.5,20.0
890,445.0,22.0
891,445.5,21.0
892,446.0,22.0
893,446.5,20.0
894,447.0,22.0
895,447.5,21.0
896,448.0,19.0
897,448.5,21.0
898,449.0,21.0
899,449.5,21.0
900,450.0,20.0
901,450.5,20.0
902,451.0,19.0
903,451.5,20.0
904,452.0,19.0
905,452.5,19.0
906,453.0,20.0
907,453.5,19.0
908,454.0,20.0
909,454.5,19.0
910,455.0,20.0
911,455.5,19.0
912,456.0,19.0
913,456.5,19.0
914,457.0,19.0
915,457.5,19.0
916,458.0,19.0
917,458.5,19.0
918,459.0,19.0
919,459.5,19.0
920,460.0,19.0
921,460.5,19.0
922,461.0,19.0
923,461.5,18.0
924,462.0,19.0
925,462.5,19.0
926,463.0,18.0
927,463.5,19.0
928,464.0,19.0
929,464.5,18.0
930,465.0,18.0
931,465.5,18.0
932,466.0,18.0
933,466.5,18.0
934,467.0,18.0
935,467.5,18.0
936,468.0,18.0
937,468.5,18.0
938,469.0,18.0
939,469.5,18.0
940,470.0,18.0
941,470.5,18.0
942,471.0,18.0
943,471.5,17.0
944,472.0,17.0
945,472.5,17.0
946,473.0,18.0
947,473.5,17.0
948,474.0,17.0
949,474.5,17.0
950,475.0,17.0
951,475.5,18.0
952,476.0,17.0
953,476.5,17.0
954,477.0,17.0
955,477.5,17.0
956,478.0,18.0
957,478.5,16.0
958,479.0,17.0
959,479.5,17.0
960,480.0,17.0
961,480.5,16.0
962,481.0,16.0
963,481.5,17.0
964,482.0,17.0
965,482.5,17.0
966,483.0,16.0
967,483.5,16.0
968,484.0,15.0
969,484.5,17.0
970,485.0,16.0
971,485.5,16.0
972,486.0,16.0
973,486.5,15.0
974,487.0,16.0
975,487.5,16.0
976,488.0,15.0
977,488.5,16.0
978,489.0,15.0
979,489.5,16.0
980,490.0,16.0
981,490.5,15.0
982,491.0,15.0
983,491.5,15.0
984,492.0,16.0
985,492.5,15.0
986,493.0,14.0
987,493.5,15.0
988,494.0,15.0
989,494.5,14.0
990,495.0,15.0
991,495.5,15.0
992,496.0,14.0
993,496.5,15.0
994,497.0,14.0
995,497.5,14.0
996,498.0,14.0
997,498.5,15.0
998,499.0,14.0
999,499.5,14.0
1000,500.0,14.0
1001,500.5,15.0
1002,501.0,14.0
1003,501.5,14.0
1004,502.0,14.0
1005,502.5,15.0
1006,503.0,14.0
1007,503.5,14.0
1008,504.0,14.0
1009,504.5,13.0
1010,505.0,15.0
1011,505.5,14.0
1012,506.0,13.0
1013,506.5,14.0
1014,507.0,14.0
1015,507.5,14.0
1016,508.0,13.0
1017,508.5,13.0
1018,509.0,14.0
1019,509.5,14.0
1020,510.0,13.0
1021,510.5,14.0
1022,511.0,13.0
1023,511.5,14.0
1024,512.0,14.0
1025,512.5,14.0
1026,513.0,13.0
1027,513.5,13.0
1028,514.0,12.0
1029,514.5,14.0
1030,515.0,13.0
1031,515.5,13.0
1032,516.0,12.0
1033,516.5,13.0
1034,517.0,12.0
1035,517.5,13.0
1036,518.0,13.0
1037,518.5,13.0
1038,519.0,13.0
1039,519.5,12.0
1040,520.0,12.0
1041,520.5,12.0
1042,521.0,12.0
1043,521.5,12.0
1044,522.0,13.0
1045,522.5,13.0
1046,523.0,12.0
1047,523.5,12.0
1048,524.0,11.0
1049,524.5,11.0
1050,525.0,13.0
1051,525.5,12.0
1052,526.0,12.0
1053,526.5,12.0
1054,527.0,12.0
1055,527.5,11.0
1056,528.0,12.0
1057,528.5,12.0
1058,529.0,12.0
1059,529.5,11.0
1060,530.0,11.0
1061,530.5,12.0
1062,531.0,12.0
1063,531.5,10.0
1064,532.0,10.0
1065,532.5,11.0
1066,533.0,10.0
1067,533.5,12.0
1068,534.0,11.0
1069,534.5,10.0
1070,535.0,11.0
1071,535.5,9.0
1072,536.0,9.0
1073,536.5,12.0
1074,537.0,11.0
1075,537.5,11.0
1076,538.0,11.0
1077,538.5,11.0
1078,539.0,12.0
1079,539.5,12.0
1080,540.0,11.0
1081,540.5,12.0
1082,541.0,11.0
1083,541.5,11.0
1084,542.0,11.0
1085,542.5,11.0
1086,543.0,13.0
1087,543.5,12.0
1088,544.0,12.0
1089,544.5,12.0
1090,545.0,12.0
1091,545.5,12.0
1092,546.0,13.0
1093,546.5,13.0
1094,547.0,13.0
1095,547.5,13.0
1096,548.0,14.0
1097,548.5,14.0
1098,549.0,13.0
1099,549.5,13.0
1100,550.0,13.0
1101,550.5,14.0
1102,551.0,14.0
1103,551.5,14.0
1104,552.0,15.0
1105,552.5,15.0
1106,553.0,15.0
1107,553.5,15.0
1108,554.0,15.0
1109,554.5,16.0
1110,555.0,17.0
1111,555.5,17.0
1112,556.0,17.0
1113,556.5,17.0
1114,557.0,17.0
1115,557.5,18.0
1116,558.0,18.0
1117,558.5,18.0
1118,559.0,18.0
1119,559.5,18.0
1120,560.0,19.0
1121,560.5,19.0
1122,561.0,19.0
1123,561.5,19.0
1124,562.0,20.0
1125,562.5,20.0
1126,563.0,20.0
1127,563.5,21.0
1128,564.0,21.0
1129,564.5,21.0
1130,565.0,22.0
1131,565.5,22.0
1132,566.0,23.0
1133,566.5,23.0
1134,567.0,22.0
1135,567.5,23.0
1136,568.0,23.0
1137,568.5,23.0
1138,569.0,24.0
1139,569.5,24.0
1140,570.0,26.0
1141,570.5,26.0
1142,571.0,25.0
1143,571.5,26.0
1144,572.0,27.0
1145,572.5,28.0
1146,573.0,27.0
1147,573.5,27.0
1148,574.0,28.0
1149,574.5,27.0
1150,575.0,28.0
1151,575.5,28.0
1152,576.0,28.0
1153,576.5,30.0
1154,577.0,30.0
1155,577.5,31.0
1156,578.0,30.0
1157,578.5,31.0
1158,579.0,31.0
1159,579.5,32.0
1160,580.0,32.0
1161,580.5,33.0
1162,581.0,32.0
1163,581.5,32.0
1164,582.0,33.0
1165,582.5,33.0
1166,583.0,34.0
1167,583.5,34.0
1168,584.0,35.0
1169,584.5,35.0
1170,585.0,35.0
1171,585.5,35.0
1172,586.0,35.0
1173,586.5,35.0
1174,587.0,35.0
1175,587.5,37.0
1176,588.0,36.0
1177,588.5,37.0
1178,589.0,37.0
1179,589.5,37.0
1180,590.0,37.0
1181,590.5,38.0
1182,591.0,38.0
1183,591.5,38.0
1184,592.0,39.0
1185,592.5,38.0
1186,593.0,38.0
1187,593.5,39.0
1188,594.0,38.0
1189,594.5,39.0
1190,595.0,39.0
1191,595.5,39.0
1192,596.0,39.0
1193,596.5,39.0
1194,597.0,40.0
1195,597.5,39.0
1196,598.0,41.0
1197,598.5,41.0
1198,599.0,41.0
1199,599.5,40.0
1200,600.0,41.0
1201,600.5,39.0
1202,601.0,41.0
1203,601.5,41.0
1204,602.0,41.0
1205,602.5,41.0
1206,603.0,41.0
1207,603.5,41.0
1208,604.0,41.0
1209,604.5,42.0
1210,605.0,41.0
1211,605.5,41.0
1212,606.0,41.0
1213,606.5,42.0
1214,607.0,42.0
1215,607.5,42.0
1216,608.0,42.0
1217,608.5,41.0
1218,609.0,42.0
1219,609.5,41.0
1220,610.0,41.0
1221,610.5,42.0
1222,611.0,42.0
1223,611.5,42.0
1224,612.0,41.0
1225,612.5,41.0
1226,613.0,42.0
1227,613.5,41.0
1228,614.0,42.0
1229,614.5,42.0
1230,615.0,41.0
1231,615.5,41.0
1232,616.0,42.0
1233,616.5,41.0
1234,617.0,42.0
1235,617.5,42.0
1236,618.0,42.0
1237,618.5,42.0
1238,619.0,42.0
1239,619.5,42.0
1240,620.0,41.0
1241,620.5,41.0
1242,621.0,42.0
1243,621.5,41.0
1244,622.0,41.0
1245,622.5,41.0
1246,623.0,41.0
1247,623.5,41.0
1248,624.0,41.0
1249,624.5,41.0
1250,625.0,41.0
1251,625.5,41.0
1252,626.0,41.0
1253,626.5,41.0
1254,627.0,41.0
1255,627.5,40.0
1256,628.0,40.0
1257,628.5,40.0
1258,629.0,40.0
1259,629.5,41.0
1260,630.0,40.0
1261,630.5,41.0
1262,631.0,40.0
1263,631.5,39.0
1264,632.0,41.0
1265,632.5,39.0
1266,633.0,39.0
1267,633.5,38.0
1268,634.0,39.0
1269,634.5,39.0
1270,635.0,39.0
1271,635.5,39.0
1272,636.0,39.0
1273,636.5,38.0
1274,637.0,39.0
1275,637.5,39.0
1276,638.0,39.0
1277,638.5,38.0
1278,639.0,37.0
1279,639.5,39.0
1280,640.0,38.0
1281,640.5,38.0
1282,641.0,38.0
1283,641.5,37.0
1284,642.0,37.0
1285,642.5,38.0
1286,643.0,38.0
1287,643.5,38.0
1288,644.0,37.0
1289,644.5,37.0
1290,645.0,38.0
1291,645.5,38.0
1292,646.0,37.0
1293,646.5,37.0
1294,647.0,37.0
1295,647.5,37.0
1296,648.0,37.0
1297,648.5,37.0
1298,649.0,37.0
1299,649.5,36.0
1300,650.0,36.0
1301,650.5,36.0
1302,651.0,35.0
1303,651.5,36.0
1304,652.0,36.0
1305,652.5,35.0
1306,653.0,36.0
1307,653.5,35.0
1308,654.0,36.0
1309,654.5,35.0
1310,655.0,35.0
1311,655.5,35.0
1312,656.0,36.0
1313,656.5,35.0
1314,657.0,35.0
1315,657.5,34.0
1316,658.0,34.0
1317,658.5,34.0
1318,659.0,35.0
1319,659.5,34.0
1320,660.0,34.0
1321,660.5,34.0
1322,661.0,34.0
1323,661.5,34.0
1324,662.0,34.0
1325,662.5,34.0
1326,663.0,33.0
1327,663.5,34.0
1328,664.0,34.0
1329,664.5,33.0
1330,665.0,33.0
1331,665.5,34.0
1332,666.0,34.0
1333,666.5,32.0
1334,667.0,33.0
1335,667.5,33.0
1336,668.0,32.0
1337,668.5,32.0
1338,669.0,32.0
1339,669.5,32.0
1340,670.0,31.0
1341,670.5,32.0
1342,671.0,31.0
1343,671.5,32.0
1344,672.0,31.0
1345,672.5,31.0
1346,673.0,30.0
1347,673.5,31.0
1348,674.0,31.0
1349,674.5,31.0
1350,675.0,31.0
1351,675.5,31.0
1352,676.0,30.0
1353,676.5,31.0
1354,677.0,31.0
1355,677.5,31.0
1356,678.0,27.0
1357,678.5,28.0
1358,679.0,30.0
1359,679.5,28.0
1360,680.0,30.0
1361,680.5,30.0
1362,681.0,30.0
1363,681.5,28.0
1364,682.0,28.0
1365,682.5,28.0
1366,683.0,28.0
1367,683.5,30.0
1368,684.0,27.0
1369,684.5,27.0
1370,685.0,27.0
1371,685.5,27.0
1372,686.0,27.0
1373,686.5,27.0
1374,687.0,26.0
1375,687.5,27.0
1376,688.0,27.0
1377,688.5,28.0
1378,689.0,26.0
1379,689.5,27.0
1380,690.0,26.0
1381,690.5,26.0
1382,691.0,26.0
1383,691.5,27.0
1384,692.0,27.0
1385,692.5,26.0
1386,693.0,26.0
1387,693.5,26.0
1388,694.0,26.0
1389,694.5,26.0
1390,695.0,25.0
1391,695.5,26.0
1392,696.0,26.0
1393,696.5,24.0
1394,697.0,26.0
1395,697.5,26.0
1396,698.0,24.0
1397,698.5,26.0
1398,699.0,25.0
1399,699.5,26.0
1400,700.0,24.0
1401,700.5,24.0
1402,701.0,25.0
1403,701.5,24.0
1404,702.0,24.0
1405,702.5,23.0
1406,703.0,25.0
1407,703.5,25.0
1408,704.0,24.0
1409,704.5,24.0
1410,705.0,24.0
1411,705.5,23.0
1412,706.0,23.0
1413,706.5,24.0
1414,707.0,23.0
1415,707.5,22.0
1416,708.0,23.0
1417,708.5,22.0
1418,709.0,22.0
1419,709.5,23.0
1420,710.0,22.0
1421,710.5,22.0
1422,711.0,22.0
1423,711.5,22.0
1424,712.0,23.0
1425,712.5,22.0
1426,713.0,22.0
1427,713.5,22.0
1428,714.0,22.0
1429,714.5,21.0
1430,715.0,22.0
1431,715.5,20.0
1432,716.0,21.0
1433,716.5,22.0
1434,717.0,20.0
1435,717.5,21.0
1436,718.0,20.0
1437,718.5,20.0
1438,719.0,21.0
1439,719.5,22.0
1440,720.0,22.0
1441,720.5,20.0
1442,721.0,19.0
1443,721.5,20.0
1444,722.0,20.0
1445,722.5,20.0
1446,723.0,20.0
1447,723.5,20.0
1448,724.0,20.0
1449,724.5,19.0
1450,725.0,20.0
1451,725.5,20.0
1452,726.0,19.0
1453,726.5,18.0
1454,727.0,19.0
1455,727.5,19.0
1456,728.0,19.0
1457,728.5,19.0
1458,729.0,19.0
1459,729.5,19.0
1460,730.0,19.0
1461,730.5,18.0
1462,731.0,18.0
1463,731.5,17.0
1464,732.0,19.0
1465,732.5,18.0
1466,733.0,18.0
1467,733.5,19.0
1468,734.0,18.0
1469,734.5,18.0
1470,735.0,18.0
1471,735.5,18.0
1472,736.0,18.0
1473,736.5,18.0
1474,737.0,17.0
1475,737.5,17.0
1476,738.0,17.0
1477,738.5,17.0
1478,739.0,18.0
1479,739.5,17.0
1480,740.0,16.0
1481,740.5,17.0
1482,741.0,17.0
1483,741.5,18.0
1484,742.0,18.0
1485,742.5,17.0
1486,743.0,17.0
1487,743.5,17.0
1488,744.0,16.0
1489,744.5,17.0
1490,745.0,17.0
1491,745.5,16.0
1492,746.0,16.0
1493,746.5,15.0
1494,747.0,16.0
1495,747.5,16.0
1496,748.0,16.0
1497,748.5,16.0
1498,749.0,15.0
1499,749.5,15.0
1500,750.0,14.0
1501,750.5,16.0
1502,751.0,15.0
1503,751.5,14.0
1504,752.0,15.0
1505,752.5,15.0
1506,753.0,15.0
1507,753.5,14.0
1508,754.0,14.0
1509,754.5,15.0
1510,755.0,15.0
1511,755.5,15.0
1512,756.0,14.0
1513,756.5,14.0
1514,757.0,15.0
1515,757.5,14.0
1516,758.0,14.0
1517,758.5,14.0
1518,759.0,14.0
1519,759.5,14.0
1520,760.0,14.0
1521,760.5,14.0
1522,761.0,13.0
1523,761.5,13.0
1524,762.0,13.0
1525,762.5,13.0
1526,763.0,13.0
1527,763.5,13.0
1528,764.0,14.0
1529,764.5,14.0
1530,765.0,13.0
1531,765.5,13.0
1532,766.0,13.0
1533,766.5,13.0
1534,767.0,13.0
1535,767.5,13.0
1536,768.0,13.0
1537,768.5,13.0
1538,769.0,13.0
1539,769.5,13.0
1540,770.0,12.0
1541,770.5,13.0
1542,771.0,12.0
1543,771.5,12.0
1544,772.0,12.0
1545,772.5,12.0
1546,773.0,12.0
1547,773.5,12.0
1548,774.0,13.0
1549,774.5,12.0
1550,775.0,12.0
1551,775.5,12.0
1552,776.0,10.0
1553,776.5,12.0
1554,777.0,11.0
1555,777.5,11.0
1556,778.0,12.0
1557,778.5,10.0
1558,779.0,10.0
1559,779.5,12.0
1560,780.0,9.0
1561,780.5,11.0
1562,781.0,11.0
1563,781.5,10.0
1564,782.0,10.0
1565,782.5,10.0
1566,783.0,10.0
1567,783.5,10.0
1568,784.0,11.0
1569,784.5,11.0
1570,785.0,10.0
1571,785.5,10.0
1572,786.0,10.0
1573,786.5,10.0
1574,787.0,11.0
1575,787.5,10.0
1576,788.0,12.0
1577,788.5,12.0
1578,789.0,9.0
1579,789.5,11.0
1580,790.0,11.0
1581,790.5,10.0
1582,791.0,11.0
1583,791.5,11.0
1584,792.0,12.0
1585,792.5,11.0
1586,793.0,12.0
1587,793.5,12.0
1588,794.0,12.0
1589,794.5,13.0
1590,795.0,14.0
1591,795.5,14.0
1592,796.0,12.0
1593,796.5,13.0
1594,797.0,14.0
1595,797.5,14.0
1596,798.0,14.0
1597,798.5,13.0
1598,799.0,14.0
1599,799.5,15.0
1600,800.0,14.0
1601,800.5,14.0
1602,801.0,15.0
1603,801.5,16.0
1604,802.0,15.0
1605,802.5,16.0
1606,803.0,16.0
1607,803.5,16.0
1608,804.0,16.0
1609,804.5,16.0
1610,805.0,17.0
1611,805.5,17.0
1612,806.0,18.0
1613,806.5,18.0
1614,807.0,19.0
1615,807.5,19.0
1616,808.0,19.0
1617,808.5,19.0
1618,809.0,19.0
1619,809.5,19.0
1620,810.0,20.0
1621,810.5,20.0
1622,811.0,19.0
1623,811.5,20.0
1624,812.0,22.0
1625,812.5,22.0
1626,813.0,21.0
1627,813.5,22.0
1628,814.0,22.0
1629,814.5,22.0
1630,815.0,24.0
1631,815.5,23.0
1632,816.0,24.0
1633,816.5,23.0
1634,817.0,23.0
1635,817.5,24.0
1636,818.0,25.0
1637,818.5,24.0
1638,819.0,24.0
1639,819.5,26.0
1640,820.0,26.0
1641,820.5,26.0
1642,821.0,26.0
1643,821.5,26.0
1644,822.0,28.0
1645,822.5,27.0
1646,823.0,28.0
1647,823.5,28.0
1648,824.0,28.0
1649,824.5,27.0
1650,825.0,28.0
1651,825.5,30.0
1652,826.0,28.0
1653,826.5,30.0
1654,827.0,32.0
1655,827.5,32.0
1656,828.0,31.0
1657,828.5,31.0
1658,829.0,32.0
1659,829.5,32.0
1660,830.0,33.0
1661,830.5,34.0
1662,831.0,34.0
1663,831.5,34.0
1664,832.0,32.0
1665,832.5,35.0
1666,833.0,35.0
1667,833.5,34.0
1668,834.0,35.0
1669,834.5,35.0
1670,835.0,35.0
1671,835.5,36.0
1672,836.0,36.0
1673,836.5,36.0
1674,837.0,36.0
1675,837.5,37.0
1676,838.0,37.0
1677,838.5,38.0
1678,839.0,37.0
1679,839.5,37.0
1680,840.0,37.0
1681,840.5,37.0
1682,841.0,38.0
1683,841.5,38.0
1684,842.0,39.0
1685,842.5,39.0
1686,843.0,39.0
1687,843.5,39.0
1688,844.0,39.0
1689,844.5,39.0
1690,845.0,39.0
1691,845.5,39.0
1692,846.0,39.0
1693,846.5,39.0
1694,847.0,40.0
1695,847.5,39.0
1696,848.0,39.0
1697,848.5,40.0
1698,849.0,40.0
1699,849.5,39.0
1700,850.0,41.0
1701,850.5,41.0
1702,851.0,42.0
1703,851.5,41.0
1704,852.0,41.0
1705,852.5,41.0
1706,853.0,41.0
1707,853.5,41.0
1708,854.0,42.0
1709,854.5,41.0
1710,855.0,41.0
1711,855.5,41.0
1712,856.0,41.0
1713,856.5,41.0
1714,857.0,42.0
1715,857.5,42.0
1716,858.0,41.0
1717,858.5,42.0
1718,859.0,42.0
1719,859.5,41.0
1720,860.0,42.0
1721,860.5,42.0
1722,861.0,41.0
1723,861.5,41.0
1724,862.0,40.0
1725,862.5,42.0
1726,863.0,42.0
1727,863.5,42.0
1728,864.0,41.0
1729,864.5,41.0
1730,865.0,42.0
1731,865.5,41.0
1732,866.0,41.0
1733,866.5,42.0
1734,867.0,41.0
1735,867.5,41.0
1736,868.0,41.0
1737,868.5,42.0
1738,869.0,40.0
1739,869.5,41.0
1740,870.0,41.0
1741,870.5,41.0
1742,871.0,41.0
1743,871.5,41.0
1744,872.0,41.0
1745,872.5,41.0
1746,873.0,41.0
1747,873.5,41.0
1748,874.0,41.0
1749,874.5,41.0
1750,875.0,41.0
1751,875.5,41.0
1752,876.0,41.0
1753,876.5,41.0
1754,877.0,40.0
1755,877.5,39.0
1756,878.0,40.0
1757,878.5,40.0
1758,879.0,39.0
1759,879.5,39.0
1760,880.0,41.0
1761,880.5,41.0
1762,881.0,39.0
1763,881.5,40.0
1764,882.0,39.0
1765,882.5,39.0
1766,883.0,39.0
1767,883.5,39.0
1768,884.0,39.0
1769,884.5,39.0
1770,885.0,39.0
1771,885.5,38.0
1772,886.0,39.0
1773,886.5,39.0
1774,887.0,38.0
1775,887.5,39.0
1776,888.0,38.0
1777,888.5,39.0
1778,889.0,38.0
1779,889.5,39.0
1780,890.0,37.0
1781,890.5,37.0
1782,891.0,37.0
1783,891.5,38.0
1784,892.0,37.0
1785,892.5,38.0
1786,893.0,38.0
1787,893.5,37.0
1788,894.0,37.0
1789,894.5,37.0
1790,895.0,36.0
1791,895.5,37.0
1792,896.0,37.0
1793,896.5,37.0
1794,897.0,37.0
1795,897.5,36.0
1796,898.0,37.0
1797,898.5,36.0
1798,899.0,36.0
1799,899.5,36.0
1800,900.0,35.0
1801,900.5,35.0
1802,901.0,35.0
1803,901.5,35.0
1804,902.0,36.0
1805,902.5,35.0
1806,903.0,35.0
1807,903.5,35.0
1808,904.0,35.0
1809,904.5,36.0
1810,905.0,35.0
1811,905.5,36.0
1812,906.0,35.0
1813,906.5,35.0
1814,907.0,34.0
1815,907.5,35.0
1816,908.0,34.0
1817,908.5,33.0
1818,909.0,34.0
1819,909.5,34.0
1820,910.0,33.0
1821,910.5,33.0
1822,911.0,34.0
1823,911.5,32.0
1824,912.0,34.0
1825,912.5,34.0
1826,913.0,33.0
1827,913.5,33.0
1828,914.0,32.0
1829,914.5,33.0
1830,915.0,32.0
1831,915.5,32.0
1832,916.0,32.0
1833,916.5,32.0
1834,917.0,32.0
1835,917.5,32.0
1836,918.0,32.0
1837,918.5,32.0
1838,919.0,32.0
1839,919.5,31.0
1840,920.0,32.0
1841,920.5,30.0
1842,921.0,32.0
1843,921.5,31.0
1844,922.0,31.0
1845,922.5,30.0
1846,923.0,31.0
1847,923.5,31.0
1848,924.0,30.0
1849,924.5,30.0
1850,925.0,30.0
1851,925.5,28.0
1852,926.0,30.0
1853,926.5,30.0
1854,927.0,30.0
1855,927.5,28.0
1856,928.0,30.0
1857,928.5,28.0
1858,929.0,28.0
1859,929.5,28.0
1860,930.0,30.0
1861,930.5,28.0
1862,931.0,28.0
1863,931.5,28.0
1864,932.0,30.0
1865,932.5,28.0
1866,933.0,28.0
1867,933.5,27.0
1868,934.0,27.0
1869,934.5,27.0
1870,935.0,27.0
1871,935.5,27.0
1872,936.0,27.0
1873,936.5,27.0
1874,937.0,27.0
1875,937.5,27.0
1876,938.0,27.0
1877,938.5,26.0
1878,939.0,26.0
1879,939.5,26.0
1880,940.0,26.0
1881,940.5,27.0
1882,941.0,26.0
1883,941.5,27.0
1884,942.0,25.0
1885,942.5,25.0
1886,943.0,24.0
1887,943.5,26.0
1888,944.0,24.0
1889,944.5,24.0
1890,945.0,24.0
1891,945.5,24.0
1892,946.0,24.0
1893,946.5,24.0
1894,947.0,24.0
1895,947.5,24.0
1896,948.0,24.0
1897,948.5,25.0
1898,949.0,24.0
1899,949.5,24.0
1900,950.0,24.0
1901,950.5,24.0
1902,951.0,23.0
1903,951.5,23.0
1904,952.0,23.0
1905,952.5,24.0
1906,953.0,23.0
1907,953.5,24.0
1908,954.0,24.0
1909,954.5,23.0
1910,955.0,24.0
1911,955.5,23.0
1912,956.0,22.0
1913,956.5,22.0
1914,957.0,23.0
1915,957.5,22.0
1916,958.0,22.0
1917,958.5,22.0
1918,959.0,22.0
1919,959.5,22.0
1920,960.0,23.0
1921,960.5,22.0
1922,961.0,22.0
1923,961.5,22.0
1924,962.0,22.0
1925,962.5,22.0
1926,963.0,22.0
1927,963.5,22.0
1928,964.0,22.0
1929,964.5,20.0
1930,965.0,21.0
1931,965.5,20.0
1932,966.0,20.0
1933,966.5,20.0
1934,967.0,21.0
1935,967.5,19.0
1936,968.0,20.0
1937,968.5,20.0
1938,969.0,20.0
1939,969.5,19.0
1940,970.0,20.0
1941,970.5,19.0
1942,971.0,19.0
1943,971.5,19.0
1944,972.0,19.0
1945,972.5,19.0
1946,973.0,19.0
1947,973.5,19.0
1948,974.0,19.0
1949,974.5,19.0
1950,975.0,19.0
1951,975.5,19.0
1952,976.0,19.0
1953,976.5,18.0
1954,977.0,19.0
1955,977.5,19.0
1956,978.0,18.0
1957,978.5,18.0
1958,979.0,18.0
1959,979.5,18.0
1960,980.0,18.0
1961,980.5,18.0
1962,981.0,18.0
1963,981.5,19.0
1964,982.0,17.0
1965,982.5,18.0
1966,983.0,19.0
1967,983.5,17.0
1968,984.0,18.0
1969,984.5,17.0
1970,985.0,17.0
1971,985.5,17.0
1972,986.0,17.0
1973,986.5,17.0
1974,987.0,17.0
1975,987.5,17.0
1976,988.0,17.0
1977,988.5,17.0
1978,989.0,16.0
1979,989.5,17.0
1980,990.0,17.0
1981,990.5,16.0
1982,991.0,15.0
1983,991.5,16.0
1984,992.0,16.0
1985,992.5,16.0
1986,993.0,16.0
1987,993.5,17.0
1988,994.0,15.0
1989,994.5,15.0
1990,995.0,14.0
1991,995.5,16.0
1992,996.0,15.0
1993,996.5,15.0
1994,997.0,15.0
1995,997.5,14.0
1996,998.0,15.0
1997,998.5,15.0
1998,999.0,14.0
1999,999.5,15.0
2000,1000.0,15.0
2001,1000.5,14.0
2002,1001.0,15.0
2003,1001.5,15.0
2004,1002.0,15.0
2005,1002.5,14.0
2006,1003.0,15.0
2007,1003.5,14.0
2008,1004.0,14.0
2009,1004.5,14.0
2010,1005.0,14.0
2011,1005.5,14.0
2012,1006.0,13.0
2013,1006.5,13.0
2014,1007.0,13.0
2015,1007.5,14.0
2016,1008.0,14.0
2017,1008.5,13.0
2018,1009.0,14.0
2019,1009.5,13.0
2020,1010.0,13.0
2021,1010.5,13.0
2022,1011.0,12.0
2023,1011.5,13.0
2024,1012.0,13.0
2025,1012.5,13.0
2026,1013.0,12.0
2027,1013.5,12.0
2028,1014.0,13.0
2029,1014.5,13.0
2030,1015.0,12.0
2031,1015.5,12.0
2032,1016.0,12.0
2033,1016.5,12.0
2034,1017.0,12.0
2035,1017.5,12.0
2036,1018.0,12.0
2037,1018.5,12.0
2038,1019.0,12.0
2039,1019.5,11.0
2040,1020.0,12.0
2041,1020.5,12.0
2042,1021.0,12.0
2043,1021.5,12.0
2044,1022.0,12.0
2045,1022.5,11.0
2046,1023.0,12.0
2047,1023.5,11.0
2048,1024.0,10.0
2049,1024.5,10.0
2050,1025.0,11.0
2051,1025.5,10.0
2052,1026.0,11.0
2053,1026.5,12.0
2054,1027.0,10.0
2055,1027.5,10.0
2056,1028.0,12.0
2057,1028.5,11.0
2058,1029.0,10.0
2059,1029.5,9.0
2060,1030.0,12.0
2061,1030.5,10.0
2062,1031.0,10.0
2063,1031.5,9.0
2064,1032.0,10.0
2065,1032.5,10.0
2066,1033.0,10.0
2067,1033.5,12.0
2068,1034.0,10.0
2069,1034.5,11.0
2070,1035.0,11.0
2071,1035.5,11.0
2072,1036.0,11.0
2073,1036.5,12.0
2074,1037.0,11.0
2075,1037.5,12.0
2076,1038.0,12.0
2077,1038.5,11.0
2078,1039.0,12.0
2079,1039.5,13.0
2080,1040.0,12.0
2081,1040.5,12.0
2082,1041.0,13.0
2083,1041.5,13.0
2084,1042.0,13.0
2085,1042.5,13.0
2086,1043.0,14.0
2087,1043.5,14.0
2088,1044.0,13.0
2089,1044.5,14.0
2090,1045.0,14.0
2091,1045.5,14.0
2092,1046.0,15.0
2093,1046.5,15.0
2094,1047.0,14.0
2095,1047.5,14.0
2096,1048.0,16.0
2097,1048.5,16.0
2098,1049.0,16.0
2099,1049.5,17.0
2100,1050.0,17.0
2101,1050.5,17.0
2102,1051.0,17.0
2103,1051.5,17.0
2104,1052.0,18.0
2105,1052.5,17.0
2106,1053.0,17.0
2107,1053.5,17.0
2108,1054.0,18.0
2109,1054.5,18.0
2110,1055.0,18.0
2111,1055.5,19.0
2112,1056.0,19.0
2113,1056.5,19.0
2114,1057.0,19.0
2115,1057.5,20.0
2116,1058.0,20.0
2117,1058.5,20.0
2118,1059.0,21.0
2119,1059.5,21.0
2120,1060.0,22.0
2121,1060.5,22.0
2122,1061.0,22.0
2123,1061.5,23.0
2124,1062.0,23.0
2125,1062.5,24.0
2126,1063.0,23.0
2127,1063.5,23.0
2128,1064.0,24.0
2129,1064.5,26.0
2130,1065.0,24.0
2131,1065.5,26.0
2132,1066.0,26.0
2133,1066.5,26.0
2134,1067.0,26.0
2135,1067.5,26.0
2136,1068.0,27.0
2137,1068.5,27.0
2138,1069.0,27.0
2139,1069.5,27.0
2140,1070.0,27.0
2141,1070.5,27.0
2142,1071.0,28.0
2143,1071.5,28.0
2144,1072.0,28.0
2145,1072.5,30.0
2146,1073.0,31.0
2147,1073.5,30.0
2148,1074.0,31.0
2149,1074.5,31.0
2150,1075.0,32.0
2151,1075.5,31.0
2152,1076.0,32.0
2153,1076.5,33.0
2154,1077.0,33.0
2155,1077.5,32.0
2156,1078.0,34.0
2157,1078.5,34.0
2158,1079.0,34.0
2159,1079.5,34.0
2160,1080.0,34.0
2161,1080.5,35.0
2162,1081.0,35.0
2163,1081.5,35.0
2164,1082.0,35.0
2165,1082.5,37.0
2166,1083.0,35.0
2167,1083.5,36.0
2168,1084.0,37.0
2169,1084.5,37.0
2170,1085.0,37.0
2171,1085.5,37.0
2172,1086.0,38.0
2173,1086.5,38.0
2174,1087.0,38.0
2175,1087.5,38.0
2176,1088.0,38.0
2177,1088.5,39.0
2178,1089.0,39.0
2179,1089.5,38.0
2180,1090.0,38.0
2181,1090.5,39.0
2182,1091.0,39.0
2183,1091.5,39.0
2184,1092.0,39.0
2185,1092.5,39.0
2186,1093.0,39.0
2187,1093.5,40.0
2188,1094.0,39.0
2189,1094.5,39.0
2190,1095.0,39.0
2191,1095.5,41.0
2192,1096.0,41.0
2193,1096.5,41.0
2194,1097.0,41.0
2195,1097.5,41.0
2196,1098.0,41.0
2197,1098.5,41.0
2198,1099.0,41.0
2199,1099.5,42.0
2200,1100.0,41.0
2201,1100.5,41.0
2202,1101.0,41.0
2203,1101.5,41.0
2204,1102.0,41.0
2205,1102.5,40.0
2206,1103.0,41.0
2207,1103.5,41.0
2208,1104.0,41.0
2209,1104.5,41.0
2210,1105.0,42.0
2211,1105.5,43.0
2212,1106.0,42.0
2213,1106.5,42.0
2214,1107.0,42.0
2215,1107.5,42.0
2216,1108.0,42.0
2217,1108.5,41.0
2218,1109.0,41.0
2219,1109.5,42.0
2220,1110.0,41.0
2221,1110.5,42.0
2222,1111.0,41.0
2223,1111.5,41.0
2224,1112.0,41.0
2225,1112.5,41.0
2226,1113.0,41.0
2227,1113.5,42.0
2228,1114.0,42.0
2229,1114.5,41.0
2230,1115.0,42.0
2231,1115.5,41.0
2232,1116.0,41.0
2233,1116.5,42.0
2234,1117.0,41.0
2235,1117.5,41.0
2236,1118.0,42.0
2237,1118.5,40.0
2238,1119.0,41.0
2239,1119.5,41.0
2240,1120.0,39.0
2241,1120.5,41.0
2242,1121.0,40.0
2243,1121.5,41.0
2244,1122.0,42.0
2245,1122.5,41.0
2246,1123.0,40.0
2247,1123.5,41.0
2248,1124.0,40.0
2249,1124.5,41.0
2250,1125.0,40.0
2251,1125.5,41.0
2252,1126.0,39.0
2253,1126.5,39.0
2254,1127.0,41.0
2255,1127.5,39.0
2256,1128.0,41.0
2257,1128.5,41.0
2258,1129.0,40.0
2259,1129.5,39.0
2260,1130.0,39.0
2261,1130.5,39.0
2262,1131.0,40.0
2263,1131.5,39.0
2264,1132.0,38.0
2265,1132.5,38.0
2266,1133.0,39.0
2267,1133.5,39.0
2268,1134.0,39.0
2269,1134.5,38.0
2270,1135.0,38.0
2271,1135.5,38.0
2272,1136.0,39.0
2273,1136.5,38.0
2274,1137.0,38.0
2275,1137.5,37.0
2276,1138.0,38.0
2277,1138.5,39.0
2278,1139.0,38.0
2279,1139.5,38.0
2280,1140.0,37.0
2281,1140.5,38.0
2282,1141.0,38.0
2283,1141.5,38.0
2284,1142.0,37.0
2285,1142.5,38.0
2286,1143.0,37.0
2287,1143.5,36.0
2288,1144.0,36.0
2289,1144.5,36.0
2290,1145.0,37.0
2291,1145.5,36.0
2292,1146.0,36.0
2293,1146.5,37.0
2294,1147.0,35.0
2295,1147.5,36.0
2296,1148.0,36.0
2297,1148.5,36.0
2298,1149.0,35.0
2299,1149.5,37.0
2300,1150.0,35.0
2301,1150.5,35.0
2302,1151.0,35.0
2303,1151.5,35.0
2304,1152.0,35.0
2305,1152.5,35.0
2306,1153.0,35.0
2307,1153.5,35.0
2308,1154.0,34.0
2309,1154.5,34.0
2310,1155.0,34.0
2311,1155.5,34.0
2312,1156.0,34.0
2313,1156.5,34.0
2314,1157.0,34.0
2315,1157.5,34.0
2316,1158.0,33.0
2317,1158.5,34.0
2318,1159.0,33.0
2319,1159.5,33.0
2320,1160.0,34.0
2321,1160.5,34.0
2322,1161.0,34.0
2323,1161.5,33.0
2324,1162.0,32.0
2325,1162.5,32.0
2326,1163.0,32.0
2327,1163.5,32.0
2328,1164.0,32.0
2329,1164.5,32.0
2330,1165.0,32.0
2331,1165.5,32.0
2332,1166.0,31.0
2333,1166.5,31.0
2334,1167.0,31.0
2335,1167.5,32.0
2336,1168.0,31.0
2337,1168.5,31.0
2338,1169.0,30.0
2339,1169.5,31.0
2340,1170.0,31.0
2341,1170.5,30.0
2342,1171.0,30.0
2343,1171.5,31.0
2344,1172.0,31.0
2345,1172.5,30.0
2346,1173.0,31.0
2347,1173.5,30.0
2348,1174.0,28.0
2349,1174.5,30.0
2350,1175.0,30.0
2351,1175.5,28.0
2352,1176.0,28.0
2353,1176.5,28.0
2354,1177.0,30.0
2355,1177.5,28.0
2356,1178.0,30.0
2357,1178.5,30.0
2358,1179.0,28.0
2359,1179.5,28.0
2360,1180.0,28.0
2361,1180.5,27.0
2362,1181.0,28.0
2363,1181.5,28.0
2364,1182.0,27.0
2365,1182.5,27.0
2366,1183.0,27.0
2367,1183.5,27.0
2368,1184.0,27.0
2369,1184.5,27.0
2370,1185.0,26.0
2371,1185.5,27.0
2372,1186.0,27.0
2373,1186.5,27.0
2374,1187.0,26.0
2375,1187.5,26.0
2376,1188.0,26.0
2377,1188.5,26.0
2378,1189.0,26.0
2379,1189.5,26.0
2380,1190.0,24.0
2381,1190.5,25.0
2382,1191.0,25.0
2383,1191.5,24.0
2384,1192.0,26.0
2385,1192.5,25.0
2386,1193.0,25.0
2387,1193.5,24.0
2388,1194.0,25.0
2389,1194.5,25.0
2390,1195.0,25.0
2391,1195.5,24.0
2392,1196.0,24.0
2393,1196.5,24.0
2394,1197.0,24.0
2395,1197.5,24.0
2396,1198.0,24.0
2397,1198.5,24.0
2398,1199.0,24.0
2399,1199.5,24.0
2400,1200.0,23.0
2401,1200.5,24.0
2402,1201.0,23.0
2403,1201.5,23.0
2404,1202.0,23.0
2405,1202.5,23.0
2406,1203.0,23.0
2407,1203.5,23.0
2408,1204.0,22.0
2409,1204.5,23.0
2410,1205.0,22.0
2411,1205.5,23.0
2412,1206.0,23.0
2413,1206.5,22.0
2414,1207.0,22.0
2415,1207.5,23.0
2416,1208.0,21.0
2417,1208.5,22.0
2418,1209.0,22.0
2419,1209.5,20.0
2420,1210.0,20.0
2421,1210.5,21.0
2422,1211.0,21.0
2423,1211.5,22.0
2424,1212.0,20.0
2425,1212.5,20.0
2426,1213.0,21.0
2427,1213.5,21.0
2428,1214.0,20.0
2429,1214.5,21.0
2430,1215.0,19.0
2431,1215.5,21.0
2432,1216.0,20.0
2433,1216.5,20.0
2434,1217.0,20.0
2435,1217.5,21.0
2436,1218.0,19.0
2437,1218.5,20.0
2438,1219.0,19.0
2439,1219.5,19.0
2440,1220.0,19.0
2441,1220.5,20.0
2442,1221.0,19.0
2443,1221.5,19.0
2444,1222.0,18.0
2445,1222.5,18.0
2446,1223.0,18.0
2447,1223.5,18.0
2448,1224.0,18.0
2449,1224.5,18.0
2450,1225.0,18.0
2451,1225.5,18.0
2452,1226.0,18.0
2453,1226.5,17.0
2454,1227.0,18.0
2455,1227.5,18.0
2456,1228.0,17.0
2457,1228.5,18.0
2458,1229.0,17.0
2459,1229.5,17.0
2460,1230.0,18.0
2461,1230.5,18.0
2462,1231.0,17.0
2463,1231.5,17.0
2464,1232.0,17.0
2465,1232.5,16.0
2466,1233.0,17.0
2467,1233.5,17.0
2468,1234.0,16.0
2469,1234.5,17.0
2470,1235.0,17.0
2471,1235.5,16.0
2472,1236.0,16.0
2473,1236.5,17.0
2474,1237.0,16.0
2475,1237.5,15.0
2476,1238.0,16.0
2477,1238.5,16.0
2478,1239.0,15.0
2479,1239.5,15.0
2480,1240.0,16.0
2481,1240.5,16.0
2482,1241.0,16.0
2483,1241.5,16.0
2484,1242.0,17.0
2485,1242.5,15.0
2486,1243.0,15.0
2487,1243.5,15.0
2488,1244.0,15.0
2489,1244.5,14.0
2490,1245.0,16.0
2491,1245.5,14.0
2492,1246.0,14.0
2493,1246.5,15.0
2494,1247.0,14.0
2495,1247.5,14.0
2496,1248.0,14.0
2497,1248.5,14.0
2498,1249.0,14.0
2499,1249.5,14.0
2500,1250.0,14.0
2501,1250.5,13.0
2502,1251.0,14.0
2503,1251.5,13.0
2504,1252.0,13.0
2505,1252.5,14.0
2506,1253.0,14.0
2507,1253.5,15.0
2508,1254.0,13.0
2509,1254.5,13.0
2510,1255.0,13.0
2511,1255.5,13.0
2512,1256.0,13.0
2513,1256.5,13.0
2514,1257.0,12.0
2515,1257.5,13.0
2516,1258.0,13.0
2517,1258.5,13.0
2518,1259.0,13.0
2519,1259.5,12.0
2520,1260.0,13.0
2521,1260.5,12.0
2522,1261.0,12.0
2523,1261.5,12.0
2524,1262.0,12.0
2525,1262.5,12.0
2526,1263.0,13.0
2527,1263.5,12.0
2528,1264.0,12.0
2529,1264.5,12.0
2530,1265.0,11.0
2531,1265.5,12.0
2532,1266.0,12.0
2533,1266.5,12.0
2534,1267.0,12.0
2535,1267.5,11.0
2536,1268.0,12.0
2537,1268.5,11.0
2538,1269.0,10.0
2539,1269.5,11.0
2540,1270.0,10.0
2541,1270.5,12.0
2542,1271.0,10.0
2543,1271.5,10.0
2544,1272.0,9.0
2545,1272.5,10.0
2546,1273.0,10.0
2547,1273.5,11.0
2548,1274.0,9.0
2549,1274.5,10.0
2550,1275.0,10.0
2551,1275.5,9.0
2552,1276.0,11.0
2553,1276.5,9.0
2554,1277.0,9.0
2555,1277.5,10.0
2556,1278.0,12.0
2557,1278.5,10.0
2558,1279.0,10.0
2559,1279.5,10.0
2560,1280.0,10.0
2561,1280.5,11.0
2562,1281.0,10.0
2563,1281.5,11.0
2564,1282.0,12.0
2565,1282.5,12.0
2566,1283.0,11.0
2567,1283.5,12.0
2568,1284.0,12.0
2569,1284.5,12.0
2570,1285.0,11.0
2571,1285.5,11.0
2572,1286.0,13.0
2573,1286.5,12.0
2574,1287.0,13.0
2575,1287.5,13.0
2576,1288.0,13.0
2577,1288.5,13.0
2578,1289.0,13.0
2579,1289.5,14.0
2580,1290.0,15.0
2581,1290.5,14.0
2582,1291.0,14.0
2583,1291.5,14.0
2584,1292.0,15.0
2585,1292.5,14.0
2586,1293.0,15.0
2587,1293.5,15.0
2588,1294.0,15.0
2589,1294.5,15.0
2590,1295.0,16.0
2591,1295.5,15.0
2592,1296.0,16.0
2593,1296.5,16.0
2594,1297.0,17.0
2595,1297.5,17.0
2596,1298.0,18.0
2597,1298.5,18.0
2598,1299.0,18.0
2599,1299.5,18.0
2600,1300.0,19.0
2601,1300.5,19.0
2602,1301.0,18.0
2603,1301.5,19.0
2604,1302.0,19.0
2605,1302.5,20.0
2606,1303.0,20.0
2607,1303.5,20.0
2608,1304.0,21.0
2609,1304.5,20.0
2610,1305.0,21.0
2611,1305.5,22.0
2612,1306.0,22.0
2613,1306.5,22.0
2614,1307.0,23.0
2615,1307.5,24.0
2616,1308.0,24.0
2617,1308.5,23.0
2618,1309.0,24.0
2619,1309.5,24.0
2620,1310.0,24.0
2621,1310.5,25.0
2622,1311.0,25.0
2623,1311.5,25.0
2624,1312.0,25.0
2625,1312.5,25.0
2626,1313.0,27.0
2627,1313.5,26.0
2628,1314.0,26.0
2629,1314.5,27.0
2630,1315.0,27.0
2631,1315.5,27.0
2632,1316.0,28.0
2633,1316.5,28.0
2634,1317.0,28.0
2635,1317.5,30.0
2636,1318.0,28.0
2637,1318.5,30.0
2638,1319.0,30.0
2639,1319.5,32.0
2640,1320.0,31.0
2641,1320.5,31.0
2642,1321.0,32.0
2643,1321.5,32.0
2644,1322.0,32.0
2645,1322.5,33.0
2646,1323.0,33.0
2647,1323.5,34.0
2648,1324.0,33.0
2649,1324.5,33.0
2650,1325.0,34.0
2651,1325.5,34.0
2652,1326.0,35.0
2653,1326.5,35.0
2654,1327.0,35.0
2655,1327.5,35.0
2656,1328.0,37.0
2657,1328.5,36.0
2658,1329.0,36.0
2659,1329.5,37.0
2660,1330.0,36.0
2661,1330.5,38.0
2662,1331.0,37.0
2663,1331.5,37.0
2664,1332.0,38.0
2665,1332.5,37.0
2666,1333.0,38.0
2667,1333.5,38.0
2668,1334.0,38.0
2669,1334.5,39.0
2670,1335.0,38.0
2671,1335.5,39.0
2672,1336.0,39.0
2673,1336.5,39.0
2674,1337.0,39.0
2675,1337.5,40.0
2676,1338.0,40.0
2677,1338.5,39.0
2678,1339.0,39.0
2679,1339.5,40.0
2680,1340.0,39.0
2681,1340.5,39.0
2682,1341.0,39.0
2683,1341.5,41.0
2684,1342.0,40.0
2685,1342.5,39.0
2686,1343.0,42.0
2687,1343.5,40.0
2688,1344.0,41.0
2689,1344.5,41.0
2690,1345.0,41.0
2691,1345.5,41.0
2692,1346.0,42.0
2693,1346.5,41.0
2694,1347.0,41.0
2695,1347.5,41.0
2696,1348.0,42.0
2697,1348.5,41.0
2698,1349.0,41.0
2699,1349.5,41.0
2700,1350.0,41.0
2701,1350.5,42.0
2702,1351.0,41.0
2703,1351.5,41.0
2704,1352.0,42.0
2705,1352.5,41.0
2706,1353.0,43.0
2707,1353.5,42.0
2708,1354.0,42.0
2709,1354.5,41.0
2710,1355.0,42.0
2711,1355.5,41.0
2712,1356.0,41.0
2713,1356.5,42.0
2714,1357.0,41.0
2715,1357.5,42.0
2716,1358.0,41.0
2717,1358.5,42.0
2718,1359.0,42.0
2719,1359.5,41.0
2720,1360.0,41.0
2721,1360.5,40.0
2722,1361.0,42.0
2723,1361.5,41.0
2724,1362.0,42.0
2725,1362.5,42.0
2726,1363.0,42.0
2727,1363.5,41.0
2728,1364.0,42.0
2729,1364.5,41.0
2730,1365.0,41.0
2731,1365.5,41.0
2732,1366.0,41.0
2733,1366.5,40.0
2734,1367.0,41.0
2735,1367.5,41.0
2736,1368.0,41.0
2737,1368.5,41.0
2738,1369.0,41.0
2739,1369.5,41.0
2740,1370.0,41.0
2741,1370.5,40.0
2742,1371.0,40.0
2743,1371.5,40.0
2744,1372.0,39.0
2745,1372.5,39.0
2746,1373.0,41.0
2747,1373.5,40.0
2748,1374.0,40.0
2749,1374.5,40.0
2750,1375.0,40.0
2751,1375.5,39.0
2752,1376.0,40.0
2753,1376.5,39.0
2754,1377.0,39.0
2755,1377.5,39.0
2756,1378.0,39.0
2757,1378.5,38.0
2758,1379.0,39.0
2759,1379.5,39.0
2760,1380.0,38.0
2761,1380.5,38.0
2762,1381.0,38.0
2763,1381.5,38.0
2764,1382.0,38.0
2765,1382.5,38.0
2766,1383.0,39.0
2767,1383.5,38.0
2768,1384.0,37.0
2769,1384.5,38.0
2770,1385.0,38.0
2771,1385.5,38.0
2772,1386.0,37.0
2773,1386.5,38.0
2774,1387.0,37.0
2775,1387.5,37.0
2776,1388.0,37.0
2777,1388.5,37.0
2778,1389.0,37.0
2779,1389.5,37.0
2780,1390.0,36.0
2781,1390.5,37.0
2782,1391.0,36.0
2783,1391.5,37.0
2784,1392.0,37.0
2785,1392.5,37.0
2786,1393.0,36.0
2787,1393.5,36.0
2788,1394.0,36.0
2789,1394.5,35.0
2790,1395.0,35.0
2791,1395.5,35.0
2792,1396.0,35.0
2793,1396.5,37.0
2794,1397.0,35.0
2795,1397.5,35.0
2796,1398.0,36.0
2797,1398.5,35.0
2798,1399.0,35.0
2799,1399.5,34.0
2800,1400.0,35.0
2801,1400.5,34.0
2802,1401.0,34.0
2803,1401.5,35.0
2804,1402.0,35.0
2805,1402.5,34.0
2806,1403.0,34.0
2807,1403.5,35.0
2808,1404.0,32.0
2809,1404.5,34.0
2810,1405.0,33.0
2811,1405.5,34.0
2812,1406.0,33.0
2813,1406.5,33.0
2814,1407.0,34.0
2815,1407.5,34.0
2816,1408.0,32.0
2817,1408.5,34.0
2818,1409.0,34.0
2819,1409.5,33.0
2820,1410.0,32.0
2821,1410.5,31.0
2822,1411.0,32.0
2823,1411.5,31.0
2824,1412.0,32.0
2825,1412.5,32.0
2826,1413.0,32.0
2827,1413.5,31.0
2828,1414.0,31.0
2829,1414.5,31.0
2830,1415.0,31.0
2831,1415.5,31.0
2832,1416.0,31.0
2833,1416.5,30.0
2834,1417.0,31.0
2835,1417.5,30.0
2836,1418.0,31.0
2837,1418.5,31.0
2838,1419.0,30.0
2839,1419.5,30.0
2840,1420.0,28.0
2841,1420.5,28.0
2842,1421.0,28.0
2843,1421.5,28.0
2844,1422.0,30.0
2845,1422.5,28.0
2846,1423.0,28.0
2847,1423.5,30.0
2848,1424.0,30.0
2849,1424.5,30.0
2850,1425.0,27.0
2851,1425.5,28.0
2852,1426.0,28.0
2853,1426.5,28.0
2854,1427.0,27.0
2855,1427.5,27.0
2856,1428.0,27.0
2857,1428.5,26.0
2858,1429.0,27.0
2859,1429.5,27.0
2860,1430.0,27.0
2861,1430.5,27.0
2862,1431.0,27.0
2863,1431.5,26.0
2864,1432.0,26.0
2865,1432.5,26.0
2866,1433.0,25.0
2867,1433.5,26.0
2868,1434.0,27.0
2869,1434.5,26.0
2870,1435.0,26.0
2871,1435.5,26.0
2872,1436.0,26.0
2873,1436.5,26.0
2874,1437.0,26.0
2875,1437.5,25.0
2876,1438.0,26.0
2877,1438.5,25.0
2878,1439.0,26.0
2879,1439.5,25.0
2880,1440.0,25.0
2881,1440.5,24.0
2882,1441.0,24.0
2883,1441.5,24.0
2884,1442.0,24.0
2885,1442.5,24.0
2886,1443.0,24.0
2887,1443.5,25.0
2888,1444.0,24.0
2889,1444.5,24.0
2890,1445.0,24.0
2891,1445.5,24.0
2892,1446.0,23.0
2893,1446.5,23.0
2894,1447.0,23.0
2895,1447.5,23.0
2896,1448.0,23.0
2897,1448.5,22.0
2898,1449.0,23.0
2899,1449.5,22.0
2900,1450.0,22.0
2901,1450.5,23.0
2902,1451.0,23.0
2903,1451.5,23.0
2904,1452.0,22.0
2905,1452.5,22.0
2906,1453.0,22.0
2907,1453.5,22.0
2908,1454.0,22.0
2909,1454.5,22.0
2910,1455.0,22.0
2911,1455.5,21.0
2912,1456.0,20.0
2913,1456.5,20.0
2914,1457.0,22.0
2915,1457.5,21.0
2916,1458.0,20.0
2917,1458.5,20.0
2918,1459.0,20.0
2919,1459.5,20.0
2920,1460.0,21.0
2921,1460.5,20.0
2922,1461.0,20.0
2923,1461.5,20.0
2924,1462.0,20.0
2925,1462.5,20.0
2926,1463.0,20.0
2927,1463.5,20.0
2928,1464.0,19.0
2929,1464.5,19.0
2930,1465.0,19.0
2931,1465.5,19.0
2932,1466.0,19.0
2933,1466.5,19.0
2934,1467.0,18.0
2935,1467.5,18.0
2936,1468.0,19.0
2937,1468.5,18.0
2938,1469.0,20.0
2939,1469.5,19.0
2940,1470.0,18.0
2941,1470.5,19.0
2942,1471.0,19.0
2943,1471.5,19.0
2944,1472.0,17.0
2945,1472.5,18.0
2946,1473.0,17.0
2947,1473.5,17.0
2948,1474.0,17.0
2949,1474.5,17.0
2950,1475.0,18.0
2951,1475.5,18.0
2952,1476.0,17.0
2953,1476.5,17.0
2954,1477.0,18.0
2955,1477.5,17.0
2956,1478.0,17.0
2957,1478.5,17.0
2958,1479.0,17.0
2959,1479.5,17.0
2960,1480.0,17.0
2961,1480.5,17.0
2962,1481.0,17.0
2963,1481.5,17.0
2964,1482.0,17.0
2965,1482.5,16.0
2966,1483.0,15.0
2967,1483.5,15.0
2968,1484.0,16.0
2969,1484.5,15.0
2970,1485.0,15.0
2971,1485.5,15.0
2972,1486.0,17.0
2973,1486.5,15.0
2974,1487.0,15.0
2975,1487.5,15.0
2976,1488.0,16.0
2977,1488.5,14.0
2978,1489.0,15.0
2979,1489.5,15.0
2980,1490.0,15.0
2981,1490.5,15.0
2982,1491.0,14.0
2983,1491.5,14.0
2984,1492.0,15.0
2985,1492.5,15.0
2986,1493.0,14.0
2987,1493.5,14.0
2988,1494.0,15.0
2989,1494.5,14.0
2990,1495.0,14.0
2991,1495.5,14.0
2992,1496.0,14.0
2993,1496.5,13.0
2994,1497.0,14.0
2995,1497.5,14.0
2996,1498.0,14.0
2997,1498.5,13.0
2998,1499.0,13.0
2999,1499.5,14.0
3000,1500.0,14.0
3001,1500.5,12.0
3002,1501.0,13.0
3003,1501.5,13.0
3004,1502.0,13.0
3005,1502.5,12.0
3006,1503.0,13.0
3007,1503.5,13.0
3008,1504.0,12.0
3009,1504.5,13.0
3010,1505.0,12.0
3011,1505.5,12.0
3012,1506.0,12.0
3013,1506.5,10.0
3014,1507.0,12.0
3015,1507.5,12.0
3016,1508.0,12.0
3017,1508.5,12.0
3018,1509.0,11.0
3019,1509.5,11.0
3020,1510.0,12.0
3021,1510.5,12.0
3022,1511.0,12.0
3023,1511.5,11.0
3024,1512.0,12.0
3025,1512.5,12.0
3026,1513.0,12.0
3027,1513.5,10.0
3028,1514.0,10.0
3029,1514.5,10.0
3030,1515.0,9.0
3031,1515.5,9.0
3032,1516.0,12.0
3033,1516.5,10.0
3034,1517.0,10.0
3035,1517.5,11.0
3036,1518.0,12.0
3037,1518.5,11.0
3038,1519.0,10.0
3039,1519.5,9.0
3040,1520.0,10.0
3041,1520.5,12.0
3042,1521.0,12.0
3043,1521.5,10.0
3044,1522.0,12.0
3045,1522.5,10.0
3046,1523.0,11.0
3047,1523.5,9.0
3048,1524.0,10.0
3049,1524.5,11.0
3050,1525.0,12.0
3051,1525.5,12.0
3052,1526.0,12.0
3053,1526.5,12.0
3054,1527.0,12.0
3055,1527.5,12.0
3056,1528.0,12.0
3057,1528.5,12.0
3058,1529.0,12.0
3059,1529.5,13.0
3060,1530.0,14.0
3061,1530.5,14.0
3062,1531.0,14.0
3063,1531.5,13.0
3064,1532.0,14.0
3065,1532.5,14.0
3066,1533.0,14.0
3067,1533.5,13.0
3068,1534.0,14.0
3069,1534.5,14.0
3070,1535.0,15.0
3071,1535.5,15.0
3072,1536.0,15.0
3073,1536.5,15.0
3074,1537.0,17.0
3075,1537.5,16.0
3076,1538.0,15.0
3077,1538.5,17.0
3078,1539.0,17.0
3079,1539.5,17.0
3080,1540.0,18.0
3081,1540.5,17.0
3082,1541.0,17.0
3083,1541.5,17.0
3084,1542.0,18.0
3085,1542.5,19.0
3086,1543.0,20.0
3087,1543.5,19.0
3088,1544.0,19.0
3089,1544.5,19.0
3090,1545.0,20.0
3091,1545.5,20.0
3092,1546.0,21.0
3093,1546.5,22.0
3094,1547.0,22.0
3095,1547.5,21.0
3096,1548.0,21.0
3097,1548.5,22.0
3098,1549.0,22.0
3099,1549.5,23.0
3100,1550.0,23.0
3101,1550.5,24.0
3102,1551.0,23.0
3103,1551.5,24.0
3104,1552.0,24.0
3105,1552.5,24.0
3106,1553.0,24.0
3107,1553.5,24.0
3108,1554.0,26.0
3109,1554.5,26.0
3110,1555.0,26.0
3111,1555.5,26.0
3112,1556.0,27.0
3113,1556.5,27.0
3114,1557.0,26.0
3115,1557.5,27.0
3116,1558.0,27.0
3117,1558.5,28.0
3118,1559.0,28.0
3119,1559.5,28.0
3120,1560.0,28.0
3121,1560.5,31.0
3122,1561.0,30.0
3123,1561.5,30.0
3124,1562.0,31.0
3125,1562.5,31.0
3126,1563.0,32.0
3127,1563.5,31.0
3128,1564.0,32.0
3129,1564.5,32.0
3130,1565.0,33.0
3131,1565.5,32.0
3132,1566.0,33.0
3133,1566.5,32.0
3134,1567.0,34.0
3135,1567.5,34.0
3136,1568.0,34.0
3137,1568.5,35.0
3138,1569.0,36.0
3139,1569.5,35.0
3140,1570.0,35.0
3141,1570.5,35.0
3142,1571.0,37.0
3143,1571.5,36.0
3144,1572.0,36.0
3145,1572.5,36.0
3146,1573.0,37.0
3147,1573.5,37.0
3148,1574.0,37.0
3149,1574.5,38.0
3150,1575.0,38.0
3151,1575.5,38.0
3152,1576.0,38.0
3153,1576.5,37.0
3154,1577.0,38.0
3155,1577.5,38.0
3156,1578.0,38.0
3157,1578.5,38.0
3158,1579.0,38.0
3159,1579.5,39.0
3160,1580.0,39.0
3161,1580.5,39.0
3162,1581.0,40.0
3163,1581.5,38.0
3164,1582.0,39.0
3165,1582.5,40.0
3166,1583.0,41.0
3167,1583.5,40.0
3168,1584.0,40.0
3169,1584.5,41.0
3170,1585.0,41.0
3171,1585.5,41.0
3172,1586.0,40.0
3173,1586.5,41.0
3174,1587.0,41.0
3175,1587.5,41.0
3176,1588.0,40.0
3177,1588.5,41.0
3178,1589.0,41.0
3179,1589.5,41.0
3180,1590.0,41.0
3181,1590.5,41.0
3182,1591.0,42.0
3183,1591.5,41.0
3184,1592.0,41.0
3185,1592.5,42.0
3186,1593.0,41.0
3187,1593.5,42.0
3188,1594.0,42.0
3189,1594.5,42.0
3190,1595.0,42.0
3191,1595.5,41.0
3192,1596.0,41.0
3193,1596.5,42.0
3194,1597.0,41.0
3195,1597.5,42.0
3196,1598.0,41.0
3197,1598.5,42.0
3198,1599.0,41.0
3199,1599.5,41.0
3200,1600.0,42.0
3201,1600.5,41.0
3202,1601.0,42.0
3203,1601.5,42.0
3204,1602.0,41.0
3205,1602.5,40.0
3206,1603.0,41.0
3207,1603.5,42.0
3208,1604.0,41.0
3209,1604.5,41.0
3210,1605.0,41.0
3211,1605.5,41.0
3212,1606.0,41.0
3213,1606.5,40.0
3214,1607.0,41.0
3215,1607.5,41.0
3216,1608.0,41.0
3217,1608.5,41.0
3218,1609.0,40.0
3219,1609.5,40.0
3220,1610.0,40.0
3221,1610.5,39.0
3222,1611.0,41.0
3223,1611.5,41.0
3224,1612.0,40.0
3225,1612.5,40.0
3226,1613.0,41.0
3227,1613.5,41.0
3228,1614.0,39.0
3229,1614.5,40.0
3230,1615.0,39.0
3231,1615.5,39.0
3232,1616.0,39.0
3233,1616.5,40.0
3234,1617.0,39.0
3235,1617.5,39.0
3236,1618.0,39.0
3237,1618.5,40.0
3238,1619.0,38.0
3239,1619.5,39.0
3240,1620.0,39.0
3241,1620.5,38.0
3242,1621.0,38.0
3243,1621.5,39.0
3244,1622.0,39.0
3245,1622.5,39.0
3246,1623.0,39.0
3247,1623.5,38.0
3248,1624.0,38.0
3249,1624.5,38.0
3250,1625.0,38.0
3251,1625.5,39.0
3252,1626.0,38.0
3253,1626.5,38.0
3254,1627.0,37.0
3255,1627.5,38.0
3256,1628.0,38.0
3257,1628.5,37.0
3258,1629.0,38.0
3259,1629.5,37.0
3260,1630.0,37.0
3261,1630.5,37.0
3262,1631.0,37.0
3263,1631.5,37.0
3264,1632.0,37.0
3265,1632.5,37.0
3266,1633.0,37.0
3267,1633.5,37.0
3268,1634.0,36.0
3269,1634.5,35.0
3270,1635.0,37.0
3271,1635.5,36.0
3272,1636.0,35.0
3273,1636.5,36.0
3274,1637.0,35.0
3275,1637.5,35.0
3276,1638.0,36.0
3277,1638.5,35.0
3278,1639.0,35.0
3279,1639.5,35.0
3280,1640.0,35.0
3281,1640.5,35.0
3282,1641.0,34.0
3283,1641.5,34.0
3284,1642.0,34.0
3285,1642.5,34.0
3286,1643.0,35.0
3287,1643.5,34.0
3288,1644.0,34.0
3289,1644.5,34.0
3290,1645.0,33.0
3291,1645.5,34.0
3292,1646.0,32.0
3293,1646.5,34.0
3294,1647.0,33.0
3295,1647.5,33.0
3296,1648.0,33.0
3297,1648.5,32.0
3298,1649.0,34.0
3299,1649.5,33.0
3300,1650.0,33.0
3301,1650.5,33.0
3302,1651.0,32.0
3303,1651.5,32.0
3304,1652.0,32.0
3305,1652.5,32.0
3306,1653.0,32.0
3307,1653.5,32.0
3308,1654.0,31.0
3309,1654.5,31.0
3310,1655.0,31.0
3311,1655.5,31.0
3312,1656.0,32.0
3313,1656.5,32.0
3314,1657.0,31.0
3315,1657.5,31.0
3316,1658.0,30.0
3317,1658.5,31.0
3318,1659.0,31.0
3319,1659.5,31.0
3320,1660.0,30.0
3321,1660.5,30.0
3322,1661.0,31.0
3323,1661.5,30.0
3324,1662.0,30.0
3325,1662.5,31.0
3326,1663.0,30.0
3327,1663.5,30.0
3328,1664.0,28.0
3329,1664.5,30.0
3330,1665.0,28.0
3331,1665.5,28.0
3332,1666.0,27.0
3333,1666.5,28.0
3334,1667.0,28.0
3335,1667.5,28.0
3336,1668.0,27.0
3337,1668.5,27.0
3338,1669.0,27.0
3339,1669.5,27.0
3340,1670.0,27.0
3341,1670.5,27.0
3342,1671.0,27.0
3343,1671.5,27.0
3344,1672.0,27.0
3345,1672.5,27.0
3346,1673.0,27.0
3347,1673.5,27.0
3348,1674.0,26.0
3349,1674.5,27.0
3350,1675.0,26.0
3351,1675.5,26.0
3352,1676.0,26.0
3353,1676.5,26.0
3354,1677.0,26.0
3355,1677.5,26.0
3356,1678.0,26.0
3357,1678.5,25.0
3358,1679.0,26.0
3359,1679.5,25.0
3360,1680.0,24.0
3361,1680.5,24.0
3362,1681.0,25.0
3363,1681.5,24.0
3364,1682.0,24.0
3365,1682.5,24.0
3366,1683.0,25.0
3367,1683.5,24.0
3368,1684.0,24.0
3369,1684.5,24.0
3370,1685.0,24.0
3371,1685.5,24.0
3372,1686.0,23.0
3373,1686.5,23.0
3374,1687.0,24.0
3375,1687.5,23.0
3376,1688.0,23.0
3377,1688.5,24.0
3378,1689.0,22.0
3379,1689.5,23.0
3380,1690.0,23.0
3381,1690.5,22.0
3382,1691.0,23.0
3383,1691.5,23.0
3384,1692.0,22.0
3385,1692.5,22.0
3386,1693.0,22.0
3387,1693.5,23.0
3388,1694.0,23.0
3389,1694.5,21.0
3390,1695.0,22.0
3391,1695.5,22.0
3392,1696.0,21.0
3393,1696.5,21.0
3394,1697.0,22.0
3395,1697.5,21.0
3396,1698.0,22.0
3397,1698.5,21.0
3398,1699.0,20.0
3399,1699.5,20.0
3400,1700.0,20.0
3401,1700.5,20.0
3402,1701.0,20.0
3403,1701.5,20.0
3404,1702.0,20.0
3405,1702.5,19.0
3406,1703.0,20.0
3407,1703.5,20.0
3408,1704.0,19.0
3409,1704.5,20.0
3410,1705.0,19.0
3411,1705.5,19.0
3412,1706.0,19.0
3413,1706.5,19.0
3414,1707.0,20.0
3415,1707.5,20.0
3416,1708.0,18.0
3417,1708.5,19.0
3418,1709.0,19.0
3419,1709.5,19.0
3420,1710.0,19.0
3421,1710.5,18.0
3422,1711.0,18.0
3423,1711.5,18.0
3424,1712.0,18.0
3425,1712.5,19.0
3426,1713.0,18.0
3427,1713.5,19.0
3428,1714.0,19.0
3429,1714.5,18.0
3430,1715.0,17.0
3431,1715.5,18.0
3432,1716.0,17.0
3433,1716.5,18.0
3434,1717.0,16.0
3435,1717.5,18.0
3436,1718.0,18.0
3437,1718.5,17.0
3438,1719.0,17.0
3439,1719.5,18.0
3440,1720.0,17.0
3441,1720.5,17.0
3442,1721.0,16.0
3443,1721.5,17.0
3444,1722.0,17.0
3445,1722.5,16.0
3446,1723.0,16.0
3447,1723.5,16.0
3448,1724.0,16.0
3449,1724.5,15.0
3450,1725.0,15.0
3451,1725.5,16.0
3452,1726.0,16.0
3453,1726.5,15.0
3454,1727.0,15.0
3455,1727.5,15.0
3456,1728.0,16.0
3457,1728.5,17.0
3458,1729.0,15.0
3459,1729.5,15.0
3460,1730.0,15.0
3461,1730.5,15.0
3462,1731.0,15.0
3463,1731.5,15.0
3464,1732.0,15.0
3465,1732.5,15.0
3466,1733.0,15.0
3467,1733.5,14.0
3468,1734.0,14.0
3469,1734.5,14.0
3470,1735.0,14.0
3471,1735.5,14.0
3472,1736.0,13.0
3473,1736.5,14.0
3474,1737.0,14.0
3475,1737.5,14.0
3476,1738.0,14.0
3477,1738.5,14.0
3478,1739.0,14.0
3479,1739.5,13.0
3480,1740.0,13.0
3481,1740.5,14.0
3482,1741.0,13.0
3483,1741.5,13.0
3484,1742.0,13.0
3485,1742.5,14.0
3486,1743.0,13.0
3487,1743.5,13.0
3488,1744.0,14.0
3489,1744.5,13.0
3490,1745.0,13.0
3491,1745.5,13.0
3492,1746.0,13.0
3493,1746.5,12.0
3494,1747.0,13.0
3495,1747.5,12.0
3496,1748.0,13.0
3497,1748.5,12.0
3498,1749.0,12.0
3499,1749.5,11.0
3500,1750.0,10.0
3501,1750.5,11.0
3502,1751.0,12.0
3503,1751.5,12.0
3504,1752.0,12.0
3505,1752.5,12.0
3506,1753.0,10.0
3507,1753.5,12.0
3508,1754.0,10.0
3509,1754.5,11.0
3510,1755.0,11.0
3511,1755.5,10.0
3512,1756.0,11.0
3513,1756.5,10.0
3514,1757.0,10.0
3515,1757.5,10.0
3516,1758.0,10.0
3517,1758.5,11.0
3518,1759.0,11.0
3519,1759.5,11.0
3520,1760.0,9.0
3521,1760.5,9.0
3522,1761.0,10.0
3523,1761.5,10.0
3524,1762.0,9.0
3525,1762.5,11.0
3526,1763.0,10.0
3527,1763.5,11.0
3528,1764.0,9.0
3529,1764.5,9.0
3530,1765.0,12.0
3531,1765.5,9.0
3532,1766.0,11.0
3533,1766.5,10.0
3534,1767.0,9.0
3535,1767.5,11.0
3536,1768.0,10.0
3537,1768.5,10.0
3538,1769.0,11.0
3539,1769.5,9.0
3540,1770.0,12.0
3541,1770.5,11.0
3542,1771.0,10.0
3543,1771.5,13.0
3544,1772.0,12.0
3545,1772.5,12.0
3546,1773.0,12.0
3547,1773.5,12.0
3548,1774.0,13.0
3549,1774.5,12.0
3550,1775.0,13.0
3551,1775.5,13.0
3552,1776.0,13.0
3553,1776.5,13.0
3554,1777.0,13.0
3555,1777.5,14.0
3556,1778.0,14.0
3557,1778.5,15.0
3558,1779.0,14.0
3559,1779.5,15.0
3560,1780.0,14.0
3561,1780.5,14.0
3562,1781.0,15.0
3563,1781.5,15.0
3564,1782.0,16.0
3565,1782.5,16.0
3566,1783.0,16.0
3567,1783.5,17.0
3568,1784.0,17.0
3569,1784.5,17.0
3570,1785.0,17.0
3571,1785.5,18.0
3572,1786.0,18.0
3573,1786.5,18.0
3574,1787.0,19.0
3575,1787.5,18.0
3576,1788.0,19.0
3577,1788.5,19.0
3578,1789.0,19.0
3579,1789.5,20.0
3580,1790.0,20.0
3581,1790.5,20.0
3582,1791.0,20.0
3583,1791.5,20.0
3584,1792.0,21.0
3585,1792.5,22.0
3586,1793.0,21.0
3587,1793.5,22.0
3588,1794.0,22.0
3589,1794.5,23.0
3590,1795.0,23.0
3591,1795.5,24.0
3592,1796.0,24.0
3593,1796.5,24.0
3594,1797.0,24.0
3595,1797.5,23.0
3596,1798.0,24.0
3597,1798.5,25.0
3598,1799.0,26.0
3599,1799.5,26.0
3600,1800.0,41.0
3601,1800.5,41.0
3602,1801.0,41.0
3603,1801.5,40.0
3604,1802.0,39.0
3605,1802.5,40.0
3606,1803.0,39.0
3607,1803.5,40.0
3608,1804.0,40.0
3609,1804.5,40.0
3610,1805.0,40.0
3611,1805.5,41.0
3612,1806.0,39.0
3613,1806.5,39.0
3614,1807.0,40.0
3615,1807.5,40.0
3616,1808.0,39.0
3617,1808.5,39.0
3618,1809.0,39.0
3619,1809.5,39.0
3620,1810.0,39.0
3621,1810.5,38.0
3622,1811.0,39.0
3623,1811.5,39.0
3624,1812.0,38.0
3625,1812.5,38.0
3626,1813.0,38.0
3627,1813.5,38.0
3628,1814.0,38.0
3629,1814.5,38.0
3630,1815.0,38.0
3631,1815.5,38.0
3632,1816.0,38.0
3633,1816.5,38.0
3634,1817.0,37.0
3635,1817.5,38.0
3636,1818.0,37.0
3637,1818.5,37.0
3638,1819.0,37.0
3639,1819.5,38.0
3640,1820.0,37.0
3641,1820.5,37.0
3642,1821.0,37.0
3643,1821.5,37.0
3644,1822.0,36.0
3645,1822.5,37.0
3646,1823.0,37.0
3647,1823.5,37.0
3648,1824.0,36.0
3649,1824.5,37.0
3650,1825.0,36.0
3651,1825.5,35.0
3652,1826.0,36.0
3653,1826.5,35.0
3654,1827.0,35.0
3655,1827.5,35.0
3656,1828.0,36.0
3657,1828.5,35.0
3658,1829.0,35.0
3659,1829.5,35.0
3660,1830.0,35.0
3661,1830.5,35.0
3662,1831.0,35.0
3663,1831.5,34.0
3664,1832.0,34.0
3665,1832.5,34.0
3666,1833.0,35.0
3667,1833.5,34.0
3668,1834.0,34.0
3669,1834.5,34.0
3670,1835.0,35.0
3671,1835.5,34.0
3672,1836.0,34.0
3673,1836.5,34.0
3674,1837.0,34.0
3675,1837.5,34.0
3676,1838.0,34.0
3677,1838.5,34.0
3678,1839.0,33.0
3679,1839.5,33.0
3680,1840.0,32.0
3681,1840.5,33.0
3682,1841.0,33.0
3683,1841.5,32.0
3684,1842.0,33.0
3685,1842.5,32.0
3686,1843.0,32.0
3687,1843.5,32.0
3688,1844.0,32.0
3689,1844.5,32.0
3690,1845.0,32.0
3691,1845.5,31.0
3692,1846.0,31.0
3693,1846.5,31.0
3694,1847.0,31.0
3695,1847.5,32.0
3696,1848.0,30.0
3697,1848.5,32.0
3698,1849.0,31.0
3699,1849.5,31.0
3700,1850.0,30.0
3701,1850.5,31.0
3702,1851.0,30.0
3703,1851.5,28.0
3704,1852.0,30.0
3705,1852.5,30.0
3706,1853.0,28.0
3707,1853.5,28.0
3708,1854.0,30.0
3709,1854.5,28.0
3710,1855.0,30.0
3711,1855.5,27.0
3712,1856.0,28.0
3713,1856.5,28.0
3714,1857.0,28.0
3715,1857.5,28.0
3716,1858.0,27.0
3717,1858.5,27.0
3718,1859.0,28.0
3719,1859.5,28.0
3720,1860.0,28.0
3721,1860.5,27.0
3722,1861.0,27.0
3723,1861.5,27.0
3724,1862.0,26.0
3725,1862.5,26.0
3726,1863.0,27.0
3727,1863.5,27.0
3728,1864.0,26.0
3729,1864.5,27.0
3730,1865.0,26.0
3731,1865.5,26.0
3732,1866.0,26.0
3733,1866.5,26.0
3734,1867.0,27.0
3735,1867.5,27.0
3736,1868.0,26.0
3737,1868.5,26.0
3738,1869.0,25.0
3739,1869.5,26.0
3740,1870.0,26.0
3741,1870.5,25.0
3742,1871.0,25.0
3743,1871.5,25.0
3744,1872.0,25.0
3745,1872.5,24.0
3746,1873.0,25.0
3747,1873.5,24.0
3748,1874.0,25.0
3749,1874.5,24.0
3750,1875.0,24.0
3751,1875.5,23.0
3752,1876.0,23.0
3753,1876.5,24.0
3754,1877.0,23.0
3755,1877.5,24.0
3756,1878.0,23.0
3757,1878.5,23.0
3758,1879.0,24.0
3759,1879.5,22.0
3760,1880.0,23.0
3761,1880.5,23.0
3762,1881.0,23.0
3763,1881.5,23.0
3764,1882.0,23.0
3765,1882.5,23.0
3766,1883.0,22.0
3767,1883.5,22.0
3768,1884.0,22.0
3769,1884.5,23.0
3770,1885.0,22.0
3771,1885.5,22.0
3772,1886.0,22.0
3773,1886.5,22.0
3774,1887.0,22.0
3775,1887.5,20.0
3776,1888.0,22.0
3777,1888.5,22.0
3778,1889.0,20.0
3779,1889.5,21.0
3780,1890.0,20.0
3781,1890.5,21.0
3782,1891.0,20.0
3783,1891.5,20.0
3784,1892.0,20.0
3785,1892.5,20.0
3786,1893.0,20.0
3787,1893.5,20.0
3788,1894.0,20.0
3789,1894.5,21.0
3790,1895.0,19.0
3791,1895.5,20.0
3792,1896.0,19.0
3793,1896.5,20.0
3794,1897.0,20.0
3795,1897.5,19.0
3796,1898.0,19.0
3797,1898.5,19.0
3798,1899.0,19.0
3799,1899.5,19.0
3800,1900.0,19.0
3801,1900.5,18.0
3802,1901.0,18.0
3803,1901.5,18.0
3804,1902.0,18.0
3805,1902.5,18.0
3806,1903.0,19.0
3807,1903.5,19.0
3808,1904.0,19.0
3809,1904.5,18.0
3810,1905.0,18.0
3811,1905.5,17.0
3812,1906.0,18.0
3813,1906.5,18.0
3814,1907.0,18.0
3815,1907.5,18.0
3816,1908.0,17.0
3817,1908.5,18.0
3818,1909.0,18.0
3819,1909.5,17.0
3820,1910.0,17.0
3821,1910.5,17.0
3822,1911.0,17.0
3823,1911.5,17.0
3824,1912.0,17.0
3825,1912.5,16.0
3826,1913.0,17.0
3827,1913.5,15.0
3828,1914.0,17.0
3829,1914.5,17.0
3830,1915.0,17.0
3831,1915.5,16.0
3832,1916.0,16.0
3833,1916.5,16.0
3834,1917.0,15.0
3835,1917.5,16.0
3836,1918.0,16.0
3837,1918.5,15.0
3838,1919.0,16.0
3839,1919.5,15.0
3840,1920.0,15.0
3841,1920.5,16.0
3842,1921.0,15.0
3843,1921.5,15.0
3844,1922.0,15.0
3845,1922.5,14.0
3846,1923.0,15.0
3847,1923.5,15.0
3848,1924.0,14.0
3849,1924.5,14.0
3850,1925.0,14.0
3851,1925.5,14.0
3852,1926.0,14.0
3853,1926.5,13.0
3854,1927.0,13.0
3855,1927.5,14.0
3856,1928.0,15.0
3857,1928.5,14.0
3858,1929.0,13.0
3859,1929.5,14.0
3860,1930.0,14.0
3861,1930.5,14.0
3862,1931.0,14.0
3863,1931.5,13.0
3864,1932.0,13.0
3865,1932.5,13.0
3866,1933.0,13.0
3867,1933.5,13.0
3868,1934.0,12.0
3869,1934.5,13.0
3870,1935.0,13.0
3871,1935.5,13.0
3872,1936.0,12.0
3873,1936.5,12.0
3874,1937.0,12.0
3875,1937.5,13.0
3876,1938.0,13.0
3877,1938.5,13.0
3878,1939.0,12.0
3879,1939.5,12.0
3880,1940.0,12.0
3881,1940.5,12.0
3882,1941.0,12.0
3883,1941.5,12.0
3884,1942.0,11.0
3885,1942.5,12.0
3886,1943.0,12.0
3887,1943.5,12.0
3888,1944.0,12.0
3889,1944.5,11.0
3890,1945.0,12.0
3891,1945.5,11.0
3892,1946.0,12.0
3893,1946.5,11.0
3894,1947.0,10.0
3895,1947.5,11.0
3896,1948.0,10.0
3897,1948.5,9.0
3898,1949.0,11.0
3899,1949.5,11.0
3900,1950.0,9.0
3901,1950.5,9.0
3902,1951.0,12.0
3903,1951.5,9.0
3904,1952.0,10.0
3905,1952.5,9.0
3906,1953.0,11.0
3907,1953.5,9.0
3908,1954.0,11.0
3909,1954.5,9.0
3910,1955.0,10.0
3911,1955.5,10.0
3912,1956.0,10.0
3913,1956.5,9.0
3914,1957.0,10.0
3915,1957.5,9.0
3916,1958.0,10.0
3917,1958.5,10.0
3918,1959.0,11.0
3919,1959.5,10.0
3920,1960.0,10.0
3921,1960.5,10.0
3922,1961.0,10.0
3923,1961.5,12.0
3924,1962.0,9.0
3925,1962.5,12.0
3926,1963.0,12.0
3927,1963.5,12.0
3928,1964.0,12.0
3929,1964.5,12.0
3930,1965.0,12.0
3931,1965.5,13.0
3932,1966.0,13.0
3933,1966.5,13.0
3934,1967.0,13.0
3935,1967.5,13.0
3936,1968.0,13.0
3937,1968.5,13.0
3938,1969.0,14.0
3939,1969.5,13.0
3940,1970.0,15.0
3941,1970.5,14.0
3942,1971.0,14.0
3943,1971.5,14.0
3944,1972.0,15.0
3945,1972.5,15.0
3946,1973.0,15.0
3947,1973.5,15.0
3948,1974.0,15.0
3949,1974.5,17.0
3950,1975.0,16.0
3951,1975.5,17.0
3952,1976.0,17.0
3953,1976.5,17.0
3954,1977.0,18.0
3955,1977.5,17.0
3956,1978.0,18.0
3957,1978.5,18.0
3958,1979.0,18.0
3959,1979.5,18.0
3960,1980.0,19.0
3961,1980.5,18.0
3962,1981.0,19.0
3963,1981.5,19.0
3964,1982.0,20.0
3965,1982.5,21.0
3966,1983.0,21.0
3967,1983.5,21.0
3968,1984.0,21.0
3969,1984.5,22.0
3970,1985.0,22.0
3971,1985.5,23.0
3972,1986.0,23.0
3973,1986.5,23.0
3974,1987.0,23.0
3975,1987.5,23.0
3976,1988.0,23.0
3977,1988.5,23.0
3978,1989.0,25.0
3979,1989.5,25.0
3980,1990.0,26.0
3981,1990.5,24.0
3982,1991.0,26.0
3983,1991.5,26.0
3984,1992.0,26.0
3985,1992.5,26.0
3986,1993.0,26.0
3987,1993.5,27.0
3988,1994.0,26.0
3989,1994.5,28.0
3990,1995.0,27.0
3991,1995.5,28.0
3992,1996.0,28.0
3993,1996.5,30.0
3994,1997.0,31.0
3995,1997.5,30.0
3996,1998.0,30.0
3997,1998.5,30.0
3998,1999.0,31.0
3999,1999.5,31.0
4000,2000.0,31.0
4001,2000.5,32.0
4002,2001.0,32.0
4003,2001.5,32.0
4004,2002.0,32.0
4005,2002.5,33.0
4006,2003.0,34.0
4007,2003.5,34.0
4008,2004.0,34.0
4009,2004.5,34.0
4010,2005.0,34.0
4011,2005.5,35.0
4012,2006.0,35.0
4013,2006.5,36.0
4014,2007.0,35.0
4015,2007.5,36.0
4016,2008.0,36.0
4017,2008.5,37.0
4018,2009.0,37.0
4019,2009.5,36.0
4020,2010.0,37.0
4021,2010.5,37.0
4022,2011.0,37.0
4023,2011.5,37.0
4024,2012.0,38.0
4025,2012.5,37.0
4026,2013.0,38.0
4027,2013.5,38.0
4028,2014.0,39.0
4029,2014.5,39.0
4030,2015.0,39.0
4031,2015.5,38.0
4032,2016.0,38.0
4033,2016.5,39.0
4034,2017.0,39.0
4035,2017.5,39.0
4036,2018.0,39.0
4037,2018.5,41.0
4038,2019.0,40.0
4039,2019.5,39.0
4040,2020.0,39.0
4041,2020.5,39.0
4042,2021.0,41.0
4043,2021.5,40.0
4044,2022.0,41.0
4045,2022.5,40.0
4046,2023.0,41.0
4047,2023.5,41.0
4048,2024.0,41.0
4049,2024.5,39.0
4050,2025.0,41.0
4051,2025.5,41.0
4052,2026.0,41.0
4053,2026.5,41.0
4054,2027.0,42.0
4055,2027.5,41.0
4056,2028.0,42.0
4057,2028.5,41.0
4058,2029.0,41.0
4059,2029.5,41.0
4060,2030.0,41.0
4061,2030.5,40.0
4062,2031.0,42.0
4063,2031.5,41.0
4064,2032.0,40.0
4065,2032.5,42.0
4066,2033.0,41.0
4067,2033.5,41.0
4068,2034.0,42.0
4069,2034.5,42.0
4070,2035.0,41.0
4071,2035.5,42.0
4072,2036.0,41.0
4073,2036.5,41.0
4074,2037.0,41.0
4075,2037.5,42.0
4076,2038.0,42.0
4077,2038.5,41.0
4078,2039.0,41.0
4079,2039.5,41.0
4080,2040.0,41.0
4081,2040.5,41.0
4082,2041.0,42.0
4083,2041.5,41.0
4084,2042.0,41.0
4085,2042.5,41.0
4086,2043.0,41.0
4087,2043.5,41.0
4088,2044.0,41.0
4089,2044.5,40.0
4090,2045.0,41.0
4091,2045.5,40.0
4092,2046.0,40.0
4093,2046.5,41.0
4094,2047.0,39.0
4095,2047.5,40.0
4096,2048.0,40.0
4097,2048.5,40.0
4098,2049.0,40.0
4099,2049.5,40.0
4100,2050.0,40.0
4101,2050.5,40.0
4102,2051.0,39.0
4103,2051.5,41.0
4104,2052.0,39.0
4105,2052.5,39.0
4106,2053.0,39.0
4107,2053.5,39.0
4108,2054.0,41.0
4109,2054.5,38.0
4110,2055.0,39.0
4111,2055.5,39.0
4112,2056.0,39.0
4113,2056.5,40.0
4114,2057.0,39.0
4115,2057.5,39.0
4116,2058.0,39.0
4117,2058.5,38.0
4118,2059.0,38.0
4119,2059.5,38.0
4120,2060.0,38.0
4121,2060.5,38.0
4122,2061.0,38.0
4123,2061.5,38.0
4124,2062.0,38.0
4125,2062.5,38.0
4126,2063.0,38.0
4127,2063.5,39.0
4128,2064.0,37.0
4129,2064.5,38.0
4130,2065.0,37.0
4131,2065.5,38.0
4132,2066.0,37.0
4133,2066.5,37.0
4134,2067.0,38.0
4135,2067.5,37.0
4136,2068.0,37.0
4137,2068.5,36.0
4138,2069.0,37.0
4139,2069.5,36.0
4140,2070.0,37.0
4141,2070.5,35.0
4142,2071.0,37.0
4143,2071.5,36.0
4144,2072.0,36.0
4145,2072.5,35.0
4146,2073.0,35.0
4147,2073.5,35.0
4148,2074.0,36.0
4149,2074.5,35.0
4150,2075.0,35.0
4151,2075.5,35.0
4152,2076.0,35.0
4153,2076.5,35.0
4154,2077.0,34.0
4155,2077.5,34.0
4156,2078.0,35.0
4157,2078.5,34.0
4158,2079.0,34.0
4159,2079.5,35.0
4160,2080.0,34.0
4161,2080.5,35.0
4162,2081.0,34.0
4163,2081.5,34.0
4164,2082.0,34.0
4165,2082.5,34.0
4166,2083.0,34.0
4167,2083.5,34.0
4168,2084.0,34.0
4169,2084.5,34.0
4170,2085.0,34.0
4171,2085.5,33.0
4172,2086.0,34.0
4173,2086.5,32.0
4174,2087.0,33.0
4175,2087.5,33.0
4176,2088.0,33.0
4177,2088.5,33.0
4178,2089.0,32.0
4179,2089.5,31.0
4180,2090.0,32.0
4181,2090.5,32.0
4182,2091.0,31.0
4183,2091.5,31.0
4184,2092.0,31.0
4185,2092.5,31.0
4186,2093.0,32.0
4187,2093.5,31.0
4188,2094.0,31.0
4189,2094.5,32.0
4190,2095.0,31.0
4191,2095.5,30.0
4192,2096.0,31.0
4193,2096.5,30.0
4194,2097.0,30.0
4195,2097.5,30.0
4196,2098.0,30.0
4197,2098.5,28.0
4198,2099.0,28.0
4199,2099.5,30.0
4200,2100.0,30.0
4201,2100.5,28.0
4202,2101.0,30.0
4203,2101.5,30.0
4204,2102.0,28.0
4205,2102.5,30.0
4206,2103.0,28.0
4207,2103.5,30.0
4208,2104.0,30.0
4209,2104.5,27.0
4210,2105.0,27.0
4211,2105.5,28.0
4212,2106.0,27.0
4213,2106.5,28.0
4214,2107.0,28.0
4215,2107.5,27.0
4216,2108.0,27.0
4217,2108.5,27.0
4218,2109.0,27.0
4219,2109.5,27.0
4220,2110.0,26.0
4221,2110.5,26.0
4222,2111.0,27.0
4223,2111.5,26.0
4224,2112.0,27.0
4225,2112.5,27.0
4226,2113.0,26.0
4227,2113.5,25.0
4228,2114.0,26.0
4229,2114.5,26.0
4230,2115.0,26.0
4231,2115.5,26.0
4232,2116.0,24.0
4233,2116.5,25.0
4234,2117.0,24.0
4235,2117.5,24.0
4236,2118.0,25.0
4237,2118.5,25.0
4238,2119.0,26.0
4239,2119.5,24.0
4240,2120.0,25.0
4241,2120.5,25.0
4242,2121.0,24.0
4243,2121.5,24.0
4244,2122.0,24.0
4245,2122.5,24.0
4246,2123.0,24.0
4247,2123.5,23.0
4248,2124.0,24.0
4249,2124.5,24.0
4250,2125.0,23.0
4251,2125.5,22.0
4252,2126.0,23.0
4253,2126.5,23.0
4254,2127.0,23.0
4255,2127.5,24.0
4256,2128.0,23.0
4257,2128.5,23.0
4258,2129.0,22.0
4259,2129.5,22.0
4260,2130.0,22.0
4261,2130.5,22.0
4262,2131.0,22.0
4263,2131.5,23.0
4264,2132.0,22.0
4265,2132.5,23.0
4266,2133.0,22.0
4267,2133.5,23.0
4268,2134.0,22.0
4269,2134.5,20.0
4270,2135.0,22.0
4271,2135.5,22.0
4272,2136.0,22.0
4273,2136.5,21.0
4274,2137.0,21.0
4275,2137.5,20.0
4276,2138.0,22.0
4277,2138.5,20.0
4278,2139.0,20.0
4279,2139.5,22.0
4280,2140.0,21.0
4281,2140.5,20.0
4282,2141.0,20.0
4283,2141.5,19.0
4284,2142.0,19.0
4285,2142.5,20.0
4286,2143.0,20.0
4287,2143.5,20.0
4288,2144.0,20.0
4289,2144.5,20.0
4290,2145.0,20.0
4291,2145.5,19.0
4292,2146.0,19.0
4293,2146.5,19.0
4294,2147.0,19.0
4295,2147.5,19.0
4296,2148.0,19.0
4297,2148.5,18.0
4298,2149.0,18.0
4299,2149.5,18.0
4300,2150.0,18.0
4301,2150.5,18.0
4302,2151.0,18.0
4303,2151.5,18.0
4304,2152.0,18.0
4305,2152.5,18.0
4306,2153.0,18.0
4307,2153.5,18.0
4308,2154.0,17.0
4309,2154.5,18.0
4310,2155.0,18.0
4311,2155.5,18.0
4312,2156.0,18.0
4313,2156.5,17.0
4314,2157.0,18.0
4315,2157.5,18.0
4316,2158.0,17.0
4317,2158.5,17.0
4318,2159.0,17.0
4319,2159.5,17.0
4320,2160.0,17.0
4321,2160.5,17.0
4322,2161.0,16.0
4323,2161.5,15.0
4324,2162.0,17.0
4325,2162.5,16.0
4326,2163.0,17.0
4327,2163.5,16.0
4328,2164.0,17.0
4329,2164.5,16.0
4330,2165.0,16.0
4331,2165.5,15.0
4332,2166.0,15.0
4333,2166.5,15.0
4334,2167.0,15.0
4335,2167.5,15.0
4336,2168.0,16.0
4337,2168.5,15.0
4338,2169.0,14.0
4339,2169.5,15.0
4340,2170.0,15.0
4341,2170.5,14.0
4342,2171.0,15.0
4343,2171.5,14.0
4344,2172.0,14.0
4345,2172.5,15.0
4346,2173.0,14.0
4347,2173.5,15.0
4348,2174.0,14.0
4349,2174.5,14.0
4350,2175.0,14.0
4351,2175.5,14.0
4352,2176.0,14.0
4353,2176.5,14.0
4354,2177.0,13.0
4355,2177.5,14.0
4356,2178.0,13.0
4357,2178.5,14.0
4358,2179.0,13.0
4359,2179.5,14.0
4360,2180.0,13.0
4361,2180.5,12.0
4362,2181.0,14.0
4363,2181.5,13.0
4364,2182.0,14.0
4365,2182.5,13.0
4366,2183.0,13.0
4367,2183.5,13.0
4368,2184.0,14.0
4369,2184.5,13.0
4370,2185.0,13.0
4371,2185.5,12.0
4372,2186.0,13.0
4373,2186.5,12.0
4374,2187.0,13.0
4375,2187.5,13.0
4376,2188.0,12.0
4377,2188.5,12.0
4378,2189.0,13.0
4379,2189.5,12.0
4380,2190.0,11.0
4381,2190.5,12.0
4382,2191.0,11.0
4383,2191.5,12.0
4384,2192.0,12.0
4385,2192.5,11.0
4386,2193.0,11.0
4387,2193.5,12.0
4388,2194.0,9.0
4389,2194.5,11.0
4390,2195.0,10.0
4391,2195.5,11.0
4392,2196.0,10.0
4393,2196.5,10.0
4394,2197.0,10.0
4395,2197.5,9.0
4396,2198.0,10.0
4397,2198.5,10.0
4398,2199.0,9.0
4399,2199.5,11.0
4400,2200.0,9.0
4401,2200.5,10.0
4402,2201.0,9.0
4403,2201.5,10.0
4404,2202.0,11.0
4405,2202.5,10.0
4406,2203.0,10.0
4407,2203.5,10.0
4408,2204.0,9.0
4409,2204.5,10.0
4410,2205.0,9.0
4411,2205.5,10.0
4412,2206.0,10.0
4413,2206.5,9.0
4414,2207.0,11.0
4415,2207.5,10.0
4416,2208.0,10.0
4417,2208.5,11.0
4418,2209.0,11.0
4419,2209.5,9.0
4420,2210.0,12.0
4421,2210.5,12.0
4422,2211.0,12.0
4423,2211.5,11.0
4424,2212.0,12.0
4425,2212.5,12.0
4426,2213.0,13.0
4427,2213.5,13.0
4428,2214.0,12.0
4429,2214.5,13.0
4430,2215.0,12.0
4431,2215.5,12.0
4432,2216.0,13.0
4433,2216.5,13.0
4434,2217.0,14.0
4435,2217.5,13.0
4436,2218.0,14.0
4437,2218.5,14.0
4438,2219.0,14.0
4439,2219.5,15.0
4440,2220.0,14.0
4441,2220.5,14.0
4442,2221.0,15.0
4443,2221.5,15.0
4444,2222.0,16.0
4445,2222.5,16.0
4446,2223.0,15.0
4447,2223.5,17.0
4448,2224.0,17.0
4449,2224.5,17.0
4450,2225.0,17.0
4451,2225.5,18.0
4452,2226.0,17.0
4453,2226.5,18.0
4454,2227.0,18.0
4455,2227.5,18.0
4456,2228.0,18.0
4457,2228.5,18.0
4458,2229.0,18.0
4459,2229.5,19.0
4460,2230.0,20.0
4461,2230.5,21.0
4462,2231.0,20.0
4463,2231.5,20.0
4464,2232.0,21.0
4465,2232.5,21.0
4466,2233.0,22.0
4467,2233.5,22.0
4468,2234.0,23.0
4469,2234.5,23.0
4470,2235.0,23.0
4471,2235.5,23.0
4472,2236.0,23.0
4473,2236.5,24.0
4474,2237.0,24.0
4475,2237.5,24.0
4476,2238.0,25.0
4477,2238.5,24.0
4478,2239.0,25.0
4479,2239.5,26.0
4480,2240.0,27.0
4481,2240.5,26.0
4482,2241.0,27.0
4483,2241.5,26.0
4484,2242.0,27.0
4485,2242.5,28.0
4486,2243.0,27.0
4487,2243.5,28.0
4488,2244.0,27.0
4489,2244.5,30.0
4490,2245.0,30.0
4491,2245.5,30.0
4492,2246.0,30.0
4493,2246.5,31.0
4494,2247.0,31.0
4495,2247.5,31.0
4496,2248.0,32.0
4497,2248.5,31.0
4498,2249.0,32.0
4499,2249.5,32.0
4500,2250.0,33.0
4501,2250.5,32.0
4502,2251.0,34.0
4503,2251.5,33.0
4504,2252.0,33.0
4505,2252.5,35.0
4506,2253.0,34.0
4507,2253.5,34.0
4508,2254.0,36.0
4509,2254.5,34.0
4510,2255.0,35.0
4511,2255.5,35.0
4512,2256.0,36.0
4513,2256.5,36.0
4514,2257.0,35.0
4515,2257.5,35.0
4516,2258.0,37.0
4517,2258.5,38.0
4518,2259.0,37.0
4519,2259.5,37.0
4520,2260.0,37.0
4521,2260.5,38.0
4522,2261.0,38.0
4523,2261.5,38.0
4524,2262.0,38.0
4525,2262.5,39.0
4526,2263.0,38.0
4527,2263.5,39.0
4528,2264.0,38.0
4529,2264.5,39.0
4530,2265.0,39.0
4531,2265.5,39.0
4532,2266.0,39.0
4533,2266.5,39.0
4534,2267.0,39.0
4535,2267.5,39.0
4536,2268.0,39.0
4537,2268.5,40.0
4538,2269.0,39.0
4539,2269.5,39.0
4540,2270.0,41.0
4541,2270.5,40.0
4542,2271.0,40.0
4543,2271.5,40.0
4544,2272.0,41.0
4545,2272.5,41.0
4546,2273.0,40.0
4547,2273.5,41.0
4548,2274.0,41.0
4549,2274.5,42.0
4550,2275.0,42.0
4551,2275.5,40.0
4552,2276.0,41.0
4553,2276.5,41.0
4554,2277.0,41.0
4555,2277.5,41.0
4556,2278.0,42.0
4557,2278.5,41.0
4558,2279.0,42.0
4559,2279.5,43.0
4560,2280.0,41.0
4561,2280.5,42.0
4562,2281.0,42.0
4563,2281.5,41.0
4564,2282.0,41.0
4565,2282.5,42.0
4566,2283.0,41.0
4567,2283.5,41.0
4568,2284.0,41.0
4569,2284.5,42.0
4570,2285.0,42.0
4571,2285.5,41.0
4572,2286.0,41.0
4573,2286.5,41.0
4574,2287.0,41.0
4575,2287.5,41.0
4576,2288.0,41.0
4577,2288.5,42.0
4578,2289.0,42.0
4579,2289.5,42.0
4580,2290.0,41.0
4581,2290.5,41.0
4582,2291.0,41.0
4583,2291.5,41.0
4584,2292.0,41.0
4585,2292.5,40.0
4586,2293.0,41.0
4587,2293.5,42.0
4588,2294.0,40.0
4589,2294.5,41.0
4590,2295.0,41.0
4591,2295.5,41.0
4592,2296.0,41.0
4593,2296.5,40.0
4594,2297.0,41.0
4595,2297.5,40.0
4596,2298.0,39.0
4597,2298.5,41.0
4598,2299.0,40.0
4599,2299.5,40.0
4600,2300.0,41.0
4601,2300.5,40.0
4602,2301.0,39.0
4603,2301.5,39.0
4604,2302.0,39.0
4605,2302.5,39.0
4606,2303.0,39.0
4607,2303.5,39.0
4608,2304.0,39.0
4609,2304.5,39.0
4610,2305.0,39.0
4611,2305.5,39.0
4612,2306.0,39.0
4613,2306.5,38.0
4614,2307.0,39.0
4615,2307.5,39.0
4616,2308.0,39.0
4617,2308.5,38.0
4618,2309.0,38.0
4619,2309.5,38.0
4620,2310.0,38.0
4621,2310.5,38.0
4622,2311.0,38.0
4623,2311.5,38.0
4624,2312.0,39.0
4625,2312.5,38.0
4626,2313.0,38.0
4627,2313.5,38.0
4628,2314.0,38.0
4629,2314.5,38.0
4630,2315.0,37.0
4631,2315.5,38.0
4632,2316.0,37.0
4633,2316.5,37.0
4634,2317.0,37.0
4635,2317.5,37.0
4636,2318.0,37.0
4637,2318.5,37.0
4638,2319.0,37.0
4639,2319.5,37.0
4640,2320.0,37.0
4641,2320.5,36.0
4642,2321.0,36.0
4643,2321.5,36.0
4644,2322.0,35.0
4645,2322.5,36.0
4646,2323.0,37.0
4647,2323.5,35.0
4648,2324.0,36.0
4649,2324.5,35.0
4650,2325.0,35.0
4651,2325.5,37.0
4652,2326.0,36.0
4653,2326.5,35.0
4654,2327.0,35.0
4655,2327.5,35.0
4656,2328.0,35.0
4657,2328.5,35.0
4658,2329.0,35.0
4659,2329.5,34.0
4660,2330.0,34.0
4661,2330.5,33.0
4662,2331.0,35.0
4663,2331.5,35.0
4664,2332.0,34.0
4665,2332.5,34.0
4666,2333.0,33.0
4667,2333.5,34.0
4668,2334.0,33.0
4669,2334.5,34.0
4670,2335.0,34.0
4671,2335.5,32.0
4672,2336.0,34.0
4673,2336.5,33.0
4674,2337.0,32.0
4675,2337.5,32.0
4676,2338.0,32.0
4677,2338.5,33.0
4678,2339.0,32.0
4679,2339.5,31.0
4680,2340.0,32.0
4681,2340.5,32.0
4682,2341.0,31.0
4683,2341.5,31.0
4684,2342.0,31.0
4685,2342.5,32.0
4686,2343.0,31.0
4687,2343.5,32.0
4688,2344.0,31.0
4689,2344.5,31.0
4690,2345.0,32.0
4691,2345.5,31.0
4692,2346.0,31.0
4693,2346.5,30.0
4694,2347.0,30.0
4695,2347.5,30.0
4696,2348.0,31.0
4697,2348.5,28.0
4698,2349.0,28.0
4699,2349.5,30.0
4700,2350.0,30.0
4701,2350.5,30.0
4702,2351.0,30.0
4703,2351.5,30.0
4704,2352.0,28.0
4705,2352.5,28.0
4706,2353.0,27.0
4707,2353.5,28.0
4708,2354.0,27.0
4709,2354.5,27.0
4710,2355.0,30.0
4711,2355.5,27.0
4712,2356.0,28.0
4713,2356.5,28.0
4714,2357.0,28.0
4715,2357.5,27.0
4716,2358.0,28.0
4717,2358.5,27.0
4718,2359.0,27.0
4719,2359.5,27.0
4720,2360.0,27.0
4721,2360.5,26.0
4722,2361.0,27.0
4723,2361.5,27.0
4724,2362.0,27.0
4725,2362.5,27.0
4726,2363.0,27.0
4727,2363.5,26.0
4728,2364.0,26.0
4729,2364.5,26.0
4730,2365.0,26.0
4731,2365.5,26.0
4732,2366.0,25.0
4733,2366.5,26.0
4734,2367.0,25.0
4735,2367.5,24.0
4736,2368.0,24.0
4737,2368.5,25.0
4738,2369.0,26.0
4739,2369.5,25.0
4740,2370.0,25.0
4741,2370.5,24.0
4742,2371.0,25.0
4743,2371.5,24.0
4744,2372.0,24.0
4745,2372.5,24.0
4746,2373.0,24.0
4747,2373.5,23.0
4748,2374.0,24.0
4749,2374.5,24.0
4750,2375.0,24.0
4751,2375.5,23.0
4752,2376.0,23.0
4753,2376.5,23.0
4754,2377.0,23.0
4755,2377.5,23.0
4756,2378.0,23.0
4757,2378.5,23.0
4758,2379.0,23.0
4759,2379.5,23.0
4760,2380.0,24.0
4761,2380.5,22.0
4762,2381.0,23.0
4763,2381.5,23.0
4764,2382.0,23.0
4765,2382.5,22.0
4766,2383.0,22.0
4767,2383.5,22.0
4768,2384.0,22.0
4769,2384.5,22.0
4770,2385.0,22.0
4771,2385.5,21.0
4772,2386.0,22.0
4773,2386.5,21.0
4774,2387.0,22.0
4775,2387.5,20.0
4776,2388.0,20.0
4777,2388.5,20.0
4778,2389.0,20.0
4779,2389.5,20.0
4780,2390.0,22.0
4781,2390.5,20.0
4782,2391.0,21.0
4783,2391.5,20.0
4784,2392.0,21.0
4785,2392.5,19.0
4786,2393.0,20.0
4787,2393.5,20.0
4788,2394.0,19.0
4789,2394.5,19.0
4790,2395.0,20.0
4791,2395.5,20.0
4792,2396.0,19.0
4793,2396.5,19.0
4794,2397.0,20.0
4795,2397.5,18.0
4796,2398.0,20.0
4797,2398.5,19.0
4798,2399.0,18.0
4799,2399.5,19.0
